Validator,projectName,Batch ID,Refactorings,Code Elements,Start Commit,Smells Before,Smell Before IDs,Smells Before Starting Line,Smell Before Ending Line,Smell Before Reason,End Commit,Smells After,Smell After IDs,Smells After Starting Line,Smell After Ending Line,Smell After Reason
Researcher 1,apache_derby,20380,"[""Extract Method"", ""Extract Method"", ""Extract Method"", ""Extract Method"", ""Extract Method"", ""Extract Method""]","[""org.apache.derby.impl.drda.DRDAConnThread.parseSQLDTA(DRDAStatement)"", ""org.apache.derby.impl.drda.DRDAConnThread"", ""org.apache.derby.impl.drda.DRDAConnThread.skipRemainder(boolean)"", ""org.apache.derby.impl.drda.DRDAConnThread.processCommands()"", ""org.apache.derby.impl.drda.DRDAConnThread.errorInChain(SQLException)""]","[""6885f5ccadd471cc33c19bdcca4271aa3086d3ca"", ""6885f5ccadd471cc33c19bdcca4271aa3086d3ca""]","[""FeatureEnvy"", ""LongMethod""]","[""6774b1e03ff4b55b43869c25e3913c15"", ""15c5a0b1b17d203141cbbf2a3e53fc8d""]","[268, 268]","[333, 333]","[""{\""MaxCallChain\"": 2.0, \""MethodLinesOfCode\"": 39.0, \""ParameterCount\"": 1.0, \""CyclomaticComplexity\"": 8.0, \""LocalityRatio\"": 0.0}"", ""{\""MaxCallChain\"": 2.0, \""MethodLinesOfCode\"": 39.0, \""ParameterCount\"": 1.0, \""CyclomaticComplexity\"": 8.0, \""LocalityRatio\"": 0.0}""]","[""d79abcf32a77e90643667b3a117c7e00356e920f"", ""d79abcf32a77e90643667b3a117c7e00356e920f"", ""d79abcf32a77e90643667b3a117c7e00356e920f"", ""d79abcf32a77e90643667b3a117c7e00356e920f"", ""d79abcf32a77e90643667b3a117c7e00356e920f"", ""d79abcf32a77e90643667b3a117c7e00356e920f"", ""d79abcf32a77e90643667b3a117c7e00356e920f"", ""d79abcf32a77e90643667b3a117c7e00356e920f"", ""d79abcf32a77e90643667b3a117c7e00356e920f"", ""d79abcf32a77e90643667b3a117c7e00356e920f"", ""d79abcf32a77e90643667b3a117c7e00356e920f""]","[""FeatureEnvy"", ""BrainMethod"", ""IntensiveCoupling"", ""LongMethod"", ""BrainMethod"", ""IntensiveCoupling"", ""LongMethod"", ""BrainClass"", ""SpaghettiCode"", ""ComplexClass"", ""GodClass""]","[""c8dc287dbbca9bf6954cbc22e7e4ff82"", ""11af7b5dbdfc75e0ec0db6b18202a135"", ""90a7e279d688654dc0ee04ad582319ea"", ""839d9502b3079f87bb178b1e44b378a4"", ""11af7b5dbdfc75e0ec0db6b18202a135"", ""90a7e279d688654dc0ee04ad582319ea"", ""839d9502b3079f87bb178b1e44b378a4"", ""afa1ef84f4ae9b8403f3d6881eeeb8f3"", ""ae79c0fc0252a34072318cb0f7f5dccb"", ""5e97adcd4e3b0a96cc5f4721bdf6484b"", ""e0f0444ec29d618a4dfb33f3b6d7d6e4""]","[2143, 546, 546, 546, 546, 546, 546, 61, 69, 69, 69]","[2161, 863, 863, 863, 863, 863, 863, 7610, 8321, 8321, 8321]","[""CALLS_TO_org.apache.derby.impl.drda.DDMReader > 5"", ""MLOC > 100.44741483028392, CC > 6.762430136436645, MAX_NESTING > 5.0, NOAV > 6.0"", ""CINT = 52.0, CDISP = 0.11538461538461539, CC > 1.0"", ""MLOC > 6.417051904733773"", ""MLOC > 100.44741483028392, CC > 6.762430136436645, MAX_NESTING > 5.0, NOAV > 6.0"", ""CINT = 52.0, CDISP = 0.11538461538461539, CC > 1.0"", ""MLOC > 6.417051904733773"", ""BRAIN_METHODS = 1, WMC = 1153.0, TCC = 0.0"", ""LONG_METHODS_CONNECTED = 30"", ""CC = 18.0"", ""CLOC > 500, TCC < 0.42461234036739287""]"
Researcher 1,apache_derby,20395,"[""Extract Method"", ""Extract Method"", ""Extract Method"", ""Extract Method"", ""Extract Method"", ""Extract Method""]","[""org.apache.derbyTesting.functionTests.tests.store.OnlineCompressTest"", ""org.apache.derbyTesting.functionTests.tests.store.OnlineCompressTest.row_count_based_tests(Connection,boolean,boolean,String,String,int)"", ""org.apache.derbyTesting.functionTests.tests.store.OnlineCompressTest.getSpaceInfo(Connection,String,String,boolean)"", ""org.apache.derbyTesting.functionTests.tests.store.OnlineCompressTest.callCompress(Connection,String,String,boolean,boolean,boolean,boolean)"", ""org.apache.derbyTesting.functionTests.tests.store.OnlineCompressTest.callCompress(Connection,String,String,boolean,boolean,boolean)""]","[""6885f5ccadd471cc33c19bdcca4271aa3086d3ca"", ""6885f5ccadd471cc33c19bdcca4271aa3086d3ca""]","[""FeatureEnvy"", ""LongMethod""]","[""6774b1e03ff4b55b43869c25e3913c15"", ""15c5a0b1b17d203141cbbf2a3e53fc8d""]","[268, 268]","[333, 333]","[""{\""MaxCallChain\"": 2.0, \""MethodLinesOfCode\"": 39.0, \""ParameterCount\"": 1.0, \""CyclomaticComplexity\"": 8.0, \""LocalityRatio\"": 0.0}"", ""{\""MaxCallChain\"": 2.0, \""MethodLinesOfCode\"": 39.0, \""ParameterCount\"": 1.0, \""CyclomaticComplexity\"": 8.0, \""LocalityRatio\"": 0.0}""]","[""965be700e2859b4ad642d59ded025cdb02e69b58"", ""965be700e2859b4ad642d59ded025cdb02e69b58"", ""965be700e2859b4ad642d59ded025cdb02e69b58""]","[""LongParameterList"", ""LongParameterList"", ""ComplexClass""]","[""50be1fc52ae104803b99be8ef46b926e"", ""4d2134068e41abf2d2a1797e6e7bcfc2"", ""1b77f0afeb08c596744e8459ce7c017e""]","[98, 45, 37]","[156, 74, 945]","[""PARAMETER_COUNT > 1.3093888866239987"", ""PARAMETER_COUNT > 1.3010977289898278"", ""CC = 11.0""]"
Researcher 1,apache_derby,20517,"[""Extract Method"", ""Extract Method"", ""Extract Method"", ""Extract Method""]","[""org.apache.derby.impl.services.cache.ConcurrentCache"", ""org.apache.derby.impl.services.cache.ConcurrentCache.find(Object)"", ""org.apache.derby.impl.services.cache.ConcurrentCache.initIdentity(CacheEntry,Object,Object,boolean)"", ""org.apache.derby.impl.services.cache.ConcurrentCache.create(Object,Object)""]","[""70fb06d172886bfc858232e08ecce80c0f380633"", ""70fb06d172886bfc858232e08ecce80c0f380633"", ""70fb06d172886bfc858232e08ecce80c0f380633"", ""70fb06d172886bfc858232e08ecce80c0f380633"", ""70fb06d172886bfc858232e08ecce80c0f380633"", ""70fb06d172886bfc858232e08ecce80c0f380633"", ""70fb06d172886bfc858232e08ecce80c0f380633"", ""70fb06d172886bfc858232e08ecce80c0f380633""]","[""GodClass"", ""ComplexClass"", ""SpaghettiCode"", ""FeatureEnvy"", ""LongMethod"", ""FeatureEnvy"", ""LongParameterList"", ""LongMethod""]","[""977278b19bb89a3a1b36e34474c32f2f"", ""53d808d9cd20d4adab33fb5b3845d235"", ""248b1c935ae8620a3c5984a641085097"", ""d9249517d922a5612a436922a58dfc2f"", ""fcf8bef4a1e83b270987053993f3592d"", ""2b0eadf14ac2a9ad045a9e84b8cee74f"", ""e8594ca446ef926a0b4285133c656868"", ""f1b677b5ed108ab76dff2fc4bf36cc7e""]","[65, 453, 64, 453, 453, 689, 1730, 1730]","[996, 756, 889, 756, 756, 720, 1838, 1838]","[""{\""IsAbstract\"": 0.0, \""ClassLinesOfCode\"": 558.0, \""OverrideRatio\"": 0.4, \""TightClassCohesion\"": 0.044897959183673466, \""PublicFieldCount\"": 0.0}"", ""{\""IsAbstract\"": 0.0, \""ClassLinesOfCode\"": 558.0, \""OverrideRatio\"": 0.4, \""TightClassCohesion\"": 0.044897959183673466, \""PublicFieldCount\"": 0.0}"", ""{\""IsAbstract\"": 0.0, \""ClassLinesOfCode\"": 455.0, \""OverrideRatio\"": 0.10526315789473684, \""TightClassCohesion\"": 0.1161524500907441, \""PublicFieldCount\"": 0.0}"", ""{\""MethodLinesOfCode\"": 195.0, \""LocalityRatio\"": 0.006329113924050633, \""CyclomaticComplexity\"": 72.0, \""ParameterCount\"": 0.0, \""MaxCallChain\"": 3.0}"", ""{\""MethodLinesOfCode\"": 195.0, \""LocalityRatio\"": 0.006329113924050633, \""CyclomaticComplexity\"": 72.0, \""ParameterCount\"": 0.0, \""MaxCallChain\"": 3.0}"", ""{\""MaxCallChain\"": 2.0, \""LocalityRatio\"": 0.11764705882352941, \""ParameterCount\"": 2.0, \""CyclomaticComplexity\"": 6.0, \""MethodLinesOfCode\"": 18.0}"", ""{\""LocalityRatio\"": 0.0, \""MaxCallChain\"": 2.0, \""ParameterCount\"": 4.0, \""CyclomaticComplexity\"": 19.0, \""MethodLinesOfCode\"": 65.0}"", ""{\""LocalityRatio\"": 0.0, \""MaxCallChain\"": 2.0, \""ParameterCount\"": 4.0, \""CyclomaticComplexity\"": 19.0, \""MethodLinesOfCode\"": 65.0}""]","[""df17cb0418910337b992ea435ba0f9a31062c861"", ""df17cb0418910337b992ea435ba0f9a31062c861""]","[""LongParameterList"", ""FeatureEnvy""]","[""0f02402eba1bc8f96d4f984a4ceac2ea"", ""15930d8e4727a02d3039dd099ed22670""]","[160, 160]","[208, 208]","[""PARAMETER_COUNT > 1.243991552978231"", ""CALLS_TO_org.apache.derby.impl.services.cache.CacheEntry > 4""]"
Researcher 1,apache_derby,20518,"[""Extract Method"", ""Extract Method"", ""Extract Method"", ""Extract Method"", ""Extract Method"", ""Extract Method""]","[""org.apache.derbyTesting.functionTests.tests.jdbcapi.DatabaseMetaDataTest"", ""org.apache.derbyTesting.functionTests.tests.jdbcapi.DatabaseMetaDataTest.testGetBestRowIdentifier2()"", ""org.apache.derbyTesting.functionTests.tests.jdbcapi.DatabaseMetaDataTest.assertBestRowIdentifierMetaDataResultSet(ResultSet,boolean)"", ""org.apache.derbyTesting.functionTests.tests.jdbcapi.DatabaseMetaDataTest.testGetBestRowIdentifier()"", ""org.apache.derbyTesting.functionTests.tests.jdbcapi.DatabaseMetaDataTest.verifyBRIResults(ResultSet,String,boolean)""]","[""70fb06d172886bfc858232e08ecce80c0f380633"", ""70fb06d172886bfc858232e08ecce80c0f380633"", ""70fb06d172886bfc858232e08ecce80c0f380633"", ""70fb06d172886bfc858232e08ecce80c0f380633"", ""70fb06d172886bfc858232e08ecce80c0f380633"", ""70fb06d172886bfc858232e08ecce80c0f380633"", ""70fb06d172886bfc858232e08ecce80c0f380633"", ""70fb06d172886bfc858232e08ecce80c0f380633""]","[""GodClass"", ""ComplexClass"", ""SpaghettiCode"", ""FeatureEnvy"", ""LongMethod"", ""FeatureEnvy"", ""LongParameterList"", ""LongMethod""]","[""977278b19bb89a3a1b36e34474c32f2f"", ""53d808d9cd20d4adab33fb5b3845d235"", ""248b1c935ae8620a3c5984a641085097"", ""d9249517d922a5612a436922a58dfc2f"", ""fcf8bef4a1e83b270987053993f3592d"", ""2b0eadf14ac2a9ad045a9e84b8cee74f"", ""e8594ca446ef926a0b4285133c656868"", ""f1b677b5ed108ab76dff2fc4bf36cc7e""]","[65, 453, 64, 453, 453, 689, 1730, 1730]","[996, 756, 889, 756, 756, 720, 1838, 1838]","[""{\""IsAbstract\"": 0.0, \""ClassLinesOfCode\"": 558.0, \""OverrideRatio\"": 0.4, \""TightClassCohesion\"": 0.044897959183673466, \""PublicFieldCount\"": 0.0}"", ""{\""IsAbstract\"": 0.0, \""ClassLinesOfCode\"": 558.0, \""OverrideRatio\"": 0.4, \""TightClassCohesion\"": 0.044897959183673466, \""PublicFieldCount\"": 0.0}"", ""{\""IsAbstract\"": 0.0, \""ClassLinesOfCode\"": 455.0, \""OverrideRatio\"": 0.10526315789473684, \""TightClassCohesion\"": 0.1161524500907441, \""PublicFieldCount\"": 0.0}"", ""{\""MethodLinesOfCode\"": 195.0, \""LocalityRatio\"": 0.006329113924050633, \""CyclomaticComplexity\"": 72.0, \""ParameterCount\"": 0.0, \""MaxCallChain\"": 3.0}"", ""{\""MethodLinesOfCode\"": 195.0, \""LocalityRatio\"": 0.006329113924050633, \""CyclomaticComplexity\"": 72.0, \""ParameterCount\"": 0.0, \""MaxCallChain\"": 3.0}"", ""{\""MaxCallChain\"": 2.0, \""LocalityRatio\"": 0.11764705882352941, \""ParameterCount\"": 2.0, \""CyclomaticComplexity\"": 6.0, \""MethodLinesOfCode\"": 18.0}"", ""{\""LocalityRatio\"": 0.0, \""MaxCallChain\"": 2.0, \""ParameterCount\"": 4.0, \""CyclomaticComplexity\"": 19.0, \""MethodLinesOfCode\"": 65.0}"", ""{\""LocalityRatio\"": 0.0, \""MaxCallChain\"": 2.0, \""ParameterCount\"": 4.0, \""CyclomaticComplexity\"": 19.0, \""MethodLinesOfCode\"": 65.0}""]","[""1a2a78d2b75092e6d49a8215d2ad607883aa0dbf"", ""1a2a78d2b75092e6d49a8215d2ad607883aa0dbf"", ""1a2a78d2b75092e6d49a8215d2ad607883aa0dbf"", ""1a2a78d2b75092e6d49a8215d2ad607883aa0dbf""]","[""SpaghettiCode"", ""ComplexClass"", ""GodClass"", ""LongMethod""]","[""e513e633bdc311525ccb84afd04da622"", ""61352f560b61d888490da48b9ed7c572"", ""0d57de5d87e7f70675ef7aad690d7c45"", ""97eb8461c7a5570bec5eeb4886faca72""]","[60, 60, 60, 3205]","[4600, 4600, 4600, 3447]","[""LONG_METHODS_CONNECTED = 19"", ""CC = 11.0"", ""CLOC > 500, TCC < 0.42023279267513525"", ""MLOC > 7.9366573574726615""]"
Researcher 1,apache_derby,20535,"[""Extract Method"", ""Extract Method"", ""Extract Method"", ""Extract Method""]","[""org.apache.derby.impl.services.cache.ClockPolicy"", ""org.apache.derby.impl.services.cache.ClockPolicy.shrinkMe()"", ""org.apache.derby.impl.services.cache.ClockPolicy.isEvictable(CacheEntry,Holder,boolean)"", ""org.apache.derby.impl.services.cache.ClockPolicy.rotateClock(CacheEntry,float,boolean)""]","[""270394a09fddda0ea9ffa2330956c5f399ab840f"", ""270394a09fddda0ea9ffa2330956c5f399ab840f"", ""270394a09fddda0ea9ffa2330956c5f399ab840f"", ""270394a09fddda0ea9ffa2330956c5f399ab840f"", ""270394a09fddda0ea9ffa2330956c5f399ab840f"", ""270394a09fddda0ea9ffa2330956c5f399ab840f"", ""270394a09fddda0ea9ffa2330956c5f399ab840f""]","[""FeatureEnvy"", ""FeatureEnvy"", ""ClassDataShouldBePrivate"", ""FeatureEnvy"", ""FeatureEnvy"", ""FeatureEnvy"", ""FeatureEnvy""]","[""5b0a6c0e93e86b4e08e572258d2f72fd"", ""c773c5dd84c9580dd8f89b07ffa845d2"", ""ca3d844f7b39fb65cef64bf84e9ba6d1"", ""8d59b298f8de886bc366609282a39d80"", ""6b4708995818df9c635609bb3ab0a35b"", ""706c9302dd8042a0119cee4f7d40e621"", ""aeecffbfecbdf2e3c78cb43b1c3d6d29""]","[312, 297, 74, 284, 228, 241, 269]","[327, 310, 428, 295, 239, 252, 282]","[""{\""MaxCallChain\"": 1.0, \""LocalityRatio\"": 0.0, \""ParameterCount\"": 0.0, \""CyclomaticComplexity\"": 1.0, \""MethodLinesOfCode\"": 6.0}"", ""{\""MaxCallChain\"": 1.0, \""LocalityRatio\"": 0.0, \""ParameterCount\"": 0.0, \""CyclomaticComplexity\"": 1.0, \""MethodLinesOfCode\"": 6.0}"", ""{\""IsAbstract\"": 0.0, \""ClassLinesOfCode\"": 97.0, \""OverrideRatio\"": 0.08333333333333333, \""PublicFieldCount\"": 8.0, \""TightClassCohesion\"": 0.5494505494505495}"", ""{\""MaxCallChain\"": 1.0, \""LocalityRatio\"": 0.0, \""ParameterCount\"": 0.0, \""CyclomaticComplexity\"": 1.0, \""MethodLinesOfCode\"": 5.0}"", ""{\""MaxCallChain\"": 1.0, \""LocalityRatio\"": 0.0, \""ParameterCount\"": 0.0, \""CyclomaticComplexity\"": 1.0, \""MethodLinesOfCode\"": 5.0}"", ""{\""MaxCallChain\"": 1.0, \""LocalityRatio\"": 0.0, \""ParameterCount\"": 0.0, \""CyclomaticComplexity\"": 1.0, \""MethodLinesOfCode\"": 5.0}"", ""{\""MaxCallChain\"": 1.0, \""LocalityRatio\"": 0.0, \""ParameterCount\"": 0.0, \""CyclomaticComplexity\"": 1.0, \""MethodLinesOfCode\"": 6.0}""]","[""0b57378ce7dc26f084b7750493bc259ee665f3e2"", ""0b57378ce7dc26f084b7750493bc259ee665f3e2"", ""0b57378ce7dc26f084b7750493bc259ee665f3e2"", ""0b57378ce7dc26f084b7750493bc259ee665f3e2"", ""0b57378ce7dc26f084b7750493bc259ee665f3e2"", ""0b57378ce7dc26f084b7750493bc259ee665f3e2""]","[""SpaghettiCode"", ""DispersedCoupling"", ""LongMethod"", ""IntensiveCoupling"", ""LongMethod"", ""FeatureEnvy""]","[""db59e9f1eafb2d5698d0a91f5e972cad"", ""6a1239a39599b8dbb4e654022599a400"", ""9e6de1b0d5803e0f975886211ad1d554"", ""ddf6e47aecaca015f332e367f7399576"", ""328302df9d10a3bcf8a8cc68d7d2d951"", ""bc3911099b4b5884a086588d4973995e""]","[31, 565, 565, 356, 356, 356]","[661, 660, 660, 470, 470, 470]","[""LONG_METHODS_CONNECTED = 2"", ""CINT > 8.0, CDISP > 0.5, CC > 1.0"", ""MLOC > 8.179232886996653"", ""CINT = 15.0, CDISP = 0.4, CC > 1.0"", ""MLOC > 8.178639621873474"", ""CALLS_TO_org.apache.derby.impl.services.cache.CacheEntry > 4""]"
Researcher 1,apache_derby,20572,"[""Extract Method"", ""Extract Method"", ""Extract Method"", ""Extract Method"", ""Extract Method"", ""Extract Method"", ""Extract Method"", ""Extract Method"", ""Rename Method"", ""Rename Method"", ""Rename Method"", ""Rename Method"", ""Rename Method"", ""Rename Method"", ""Pull Up Method"", ""Pull Up Method"", ""Extract Method"", ""Extract Method"", ""Rename Method"", ""Rename Method"", ""Extract Method"", ""Extract Method"", ""Rename Method"", ""Rename Method"", ""Extract Method"", ""Extract Method"", ""Extract Method"", ""Extract Method"", ""Extract Method"", ""Extract Method"", ""Extract Method"", ""Extract Method"", ""Extract Method"", ""Extract Method""]","[""org.apache.derbyTesting.functionTests.tests.replicationTests.ReplicationRun.runStateTest(String,String,String,String,int,String)"", ""org.apache.derbyTesting.functionTests.tests.replicationTests.ReplicationRun"", ""org.apache.derbyTesting.functionTests.tests.replicationTests.ReplicationRun.masterLoadURL(String)"", ""org.apache.derbyTesting.functionTests.tests.replicationTests.ReplicationRun.runLoad(String,String,String,String,int,String)"", ""org.apache.derbyTesting.functionTests.tests.replicationTests.ReplicationRun.startLoad(String,String,String,boolean,String,String,int)"", ""org.apache.derbyTesting.functionTests.tests.replicationTests.ReplicationRun.masterURL(String)"", ""org.apache.derbyTesting.functionTests.tests.replicationTests.ReplicationRun.startMaster_ij(String,String,int,String,int,String)"", ""org.apache.derbyTesting.functionTests.tests.replicationTests.ReplicationRun_Local_StateTest_part2.startSlave(String,int,String,String,int)"", ""org.apache.derbyTesting.functionTests.tests.replicationTests.ReplicationRun_Local_StateTest_part2"", ""org.apache.derbyTesting.functionTests.tests.replicationTests.ReplicationRun_Local_StateTest_part2._startSlave(String,int,String,String,int)"", ""org.apache.derbyTesting.functionTests.tests.replicationTests.ReplicationRun_Local_StateTest_part2.stopSlave(String,int,String,String,int)"", ""org.apache.derbyTesting.functionTests.tests.replicationTests.ReplicationRun_Local_StateTest_part2._stopSlave(String,int,String,String,int)"", ""org.apache.derbyTesting.functionTests.tests.replicationTests.ReplicationRun_Local_StateTest_part2.failOver(String,int,String,String,String)"", ""org.apache.derbyTesting.functionTests.tests.replicationTests.ReplicationRun_Local_StateTest_part2._failOver(String,int,String,String,String)"", ""org.apache.derbyTesting.functionTests.tests.replicationTests.ReplicationRun_Local_StateTest_part2.getConnection(String,int,String,String,String)"", ""org.apache.derbyTesting.functionTests.tests.replicationTests.ReplicationRun.getConnection(String,int,String,String,String)"", ""org.apache.derbyTesting.functionTests.tests.replicationTests.ReplicationRun.runTestOnSlave(String,String,String,String,int,String)"", ""org.apache.derbyTesting.functionTests.tests.replicationTests.ReplicationRun.slaveURL(String)"", ""org.apache.derbyTesting.functionTests.tests.replicationTests.ReplicationRun_Local_StateTest_part2.executeQuery(Connection,String)"", ""org.apache.derbyTesting.functionTests.tests.replicationTests.ReplicationRun_Local_StateTest_part2._executeQuery(Connection,String)"", ""org.apache.derbyTesting.functionTests.tests.replicationTests.ReplicationRun.startMaster_direct(String,String,int,String,int)"", ""org.apache.derbyTesting.functionTests.tests.replicationTests.ReplicationRun_Local_StateTest_part2.startMaster(String,int,String,String,String,int)"", ""org.apache.derbyTesting.functionTests.tests.replicationTests.ReplicationRun_Local_StateTest_part2._startMaster(String,int,String,String,String,int)"", ""org.apache.derbyTesting.functionTests.tests.replicationTests.ReplicationRun.runTest(String,String,String,String,int,String)"", ""org.apache.derbyTesting.functionTests.tests.replicationTests.ReplicationRun.getMasterConnection()"", ""org.apache.derbyTesting.functionTests.tests.replicationTests.ReplicationRun.bootMasterDatabase(String,String,String,String,int,String)"", ""org.apache.derbyTesting.functionTests.tests.replicationTests.ReplicationRun.stopSlave_ij(String,String,String,int,String)"", ""org.apache.derbyTesting.functionTests.tests.replicationTests.ReplicationRun.stopMaster_ij(String,String,String,int,String)""]","[""d928ea97f2a6d49a8ceb9d130d2ef1a8e1440e79"", ""d928ea97f2a6d49a8ceb9d130d2ef1a8e1440e79"", ""d928ea97f2a6d49a8ceb9d130d2ef1a8e1440e79"", ""d928ea97f2a6d49a8ceb9d130d2ef1a8e1440e79"", ""d928ea97f2a6d49a8ceb9d130d2ef1a8e1440e79"", ""d928ea97f2a6d49a8ceb9d130d2ef1a8e1440e79"", ""d928ea97f2a6d49a8ceb9d130d2ef1a8e1440e79"", ""d928ea97f2a6d49a8ceb9d130d2ef1a8e1440e79"", ""d928ea97f2a6d49a8ceb9d130d2ef1a8e1440e79"", ""d928ea97f2a6d49a8ceb9d130d2ef1a8e1440e79""]","[""SpaghettiCode"", ""ComplexClass"", ""FeatureEnvy"", ""FeatureEnvy"", ""ComplexClass"", ""FeatureEnvy"", ""FeatureEnvy"", ""FeatureEnvy"", ""FeatureEnvy"", ""FeatureEnvy""]","[""8c0784d3f4293fc312a26f7b3d5a7788"", ""7632160dc1bf1eea4e3d3d47d22448d6"", ""13d681acb310d9f22109c630bddaa78e"", ""a088e6ce0d5ede7d20a515be96200c84"", ""ca4874f5988c54bf0909731795c24fab"", ""6bd9ee540799ab0ad1ea03b3f0bc4550"", ""a3016c8d1f1c2705b7805a4c0e816e2d"", ""5aac4c7f587ec953f608203b1e36bc0c"", ""d16a2b5af00e381c652d2e91095de2f0"", ""bfa7b11f8b8aef4bdb4f163cd1b48626""]","[66, 625, 269, 475, 277, 427, 161, 113, 318, 583]","[701, 699, 316, 516, 409, 473, 202, 159, 360, 623]","[""{\""IsAbstract\"": 0.0, \""ClassLinesOfCode\"": 374.0, \""OverrideRatio\"": null, \""TightClassCohesion\"": 0.8333333333333334, \""PublicFieldCount\"": 0.0}"", ""{\""IsAbstract\"": 0.0, \""ClassLinesOfCode\"": 374.0, \""OverrideRatio\"": null, \""TightClassCohesion\"": 0.8333333333333334, \""PublicFieldCount\"": 0.0}"", ""{\""LocalityRatio\"": 0.0, \""MaxCallChain\"": 2.0, \""ParameterCount\"": 0.0, \""CyclomaticComplexity\"": 4.0, \""MethodLinesOfCode\"": 27.0}"", ""{\""LocalityRatio\"": 0.0, \""MaxCallChain\"": 2.0, \""ParameterCount\"": 0.0, \""CyclomaticComplexity\"": 4.0, \""MethodLinesOfCode\"": 23.0}"", ""{\""IsAbstract\"": 0.0, \""ClassLinesOfCode\"": 331.0, \""OverrideRatio\"": null, \""PublicFieldCount\"": 0.0, \""TightClassCohesion\"": 0.14285714285714285}"", ""{\""LocalityRatio\"": 0.0, \""MaxCallChain\"": 2.0, \""ParameterCount\"": 0.0, \""CyclomaticComplexity\"": 4.0, \""MethodLinesOfCode\"": 26.0}"", ""{\""LocalityRatio\"": 0.0, \""MaxCallChain\"": 2.0, \""ParameterCount\"": 0.0, \""CyclomaticComplexity\"": 4.0, \""MethodLinesOfCode\"": 24.0}"", ""{\""LocalityRatio\"": 0.0, \""MaxCallChain\"": 2.0, \""ParameterCount\"": 0.0, \""CyclomaticComplexity\"": 4.0, \""MethodLinesOfCode\"": 27.0}"", ""{\""LocalityRatio\"": 0.0, \""MaxCallChain\"": 2.0, \""ParameterCount\"": 0.0, \""CyclomaticComplexity\"": 4.0, \""MethodLinesOfCode\"": 24.0}"", ""{\""LocalityRatio\"": 0.0, \""MaxCallChain\"": 1.0, \""ParameterCount\"": 0.0, \""CyclomaticComplexity\"": 4.0, \""MethodLinesOfCode\"": 23.0}""]","[""c5935add096a51f769aee0f6e3aac74c260b4212"", ""c5935add096a51f769aee0f6e3aac74c260b4212"", ""c5935add096a51f769aee0f6e3aac74c260b4212"", ""c5935add096a51f769aee0f6e3aac74c260b4212"", ""c5935add096a51f769aee0f6e3aac74c260b4212"", ""c5935add096a51f769aee0f6e3aac74c260b4212"", ""c5935add096a51f769aee0f6e3aac74c260b4212"", ""c5935add096a51f769aee0f6e3aac74c260b4212"", ""c5935add096a51f769aee0f6e3aac74c260b4212"", ""c5935add096a51f769aee0f6e3aac74c260b4212"", ""c5935add096a51f769aee0f6e3aac74c260b4212"", ""c5935add096a51f769aee0f6e3aac74c260b4212"", ""c5935add096a51f769aee0f6e3aac74c260b4212"", ""c5935add096a51f769aee0f6e3aac74c260b4212"", ""c5935add096a51f769aee0f6e3aac74c260b4212"", ""c5935add096a51f769aee0f6e3aac74c260b4212"", ""c5935add096a51f769aee0f6e3aac74c260b4212"", ""c5935add096a51f769aee0f6e3aac74c260b4212"", ""c5935add096a51f769aee0f6e3aac74c260b4212"", ""c5935add096a51f769aee0f6e3aac74c260b4212"", ""c5935add096a51f769aee0f6e3aac74c260b4212"", ""c5935add096a51f769aee0f6e3aac74c260b4212"", ""c5935add096a51f769aee0f6e3aac74c260b4212""]","[""LongParameterList"", ""LongParameterList"", ""FeatureEnvy"", ""LongParameterList"", ""LongParameterList"", ""ShotgunSurgery"", ""LongParameterList"", ""LongParameterList"", ""LongParameterList"", ""LongParameterList"", ""LongParameterList"", ""LongParameterList"", ""LongParameterList"", ""ShotgunSurgery"", ""LongParameterList"", ""SpaghettiCode"", ""ComplexClass"", ""LongParameterList"", ""DispersedCoupling"", ""LongParameterList"", ""LongMethod"", ""FeatureEnvy"", ""LongParameterList""]","[""dce17754295d276019ba2ddaba6c3ade"", ""a1ddc0f6f918ab379d7d8fb5d9d623b2"", ""12c64c3d24bdba58c55c8383b8467a59"", ""f2adc51e6bb8ec6e477f07b755fa72cb"", ""0b6a46cb20a6a4a74c56e842e1f39ff2"", ""ae4a971d15e0545e668480074b526b12"", ""fbe08c19971adc2ae9a3b213b51e5e24"", ""45f0ce5f59dca40c6d9a7e35d5221ac2"", ""db68b758c6dac8f4028b9620f15fb92b"", ""f459a7d8bd572d70a6a5e7ae0e0192e5"", ""71a7a1b2b5fca30c6b7a04e1970dd7dc"", ""9d1ebd4d8cf722804906f678a4612a73"", ""ae623407f4a1dccf4de4d14e5007f589"", ""47e7ed9ce3eefdbff497b40250ae7626"", ""1bf44b2578ef15364922030222e268dc"", ""e8ea4a9a374e0ea3d899d04fa8d25a46"", ""09ccd218baea0722d85c3c413650a9f7"", ""a44ace3140ba0f2d837d33ea9cdcff1f"", ""d37416fd3e3bb71caf25d2eb0faf9427"", ""0efa7b50fbfd8e4343beb41b32ddf50e"", ""8eaafbe8c2aba548e1f52a0be69525cc"", ""340a94716de9aa4b50d88e7dd0c80f0c"", ""2168613d533bc3534f47cac8b763d86b""]","[1281, 505, 505, 312, 674, 744, 744, 2789, 336, 288, 914, 357, 1411, 418, 418, 35, 35, 3465, 946, 946, 946, 946, 695]","[1317, 590, 590, 334, 742, 829, 829, 2845, 355, 310, 956, 380, 1451, 504, 504, 3503, 3503, 3475, 1021, 1021, 1021, 1021, 766]","[""PARAMETER_COUNT > 1.1944720985066999"", ""PARAMETER_COUNT > 1.1944720985066999"", ""CALLS_TO_org.apache.derbyTesting.functionTests.tests.replicationTests.Utils > 4"", ""PARAMETER_COUNT > 1.1944720985066999"", ""PARAMETER_COUNT > 1.1944720985066999"", ""CM > 8.0, CC > 6.0"", ""PARAMETER_COUNT > 1.1944720985066999"", ""PARAMETER_COUNT > 1.1944720985066999"", ""PARAMETER_COUNT > 1.1944720985066999"", ""PARAMETER_COUNT > 1.1944720985066999"", ""PARAMETER_COUNT > 1.1944720985066999"", ""PARAMETER_COUNT > 1.1944720985066999"", ""PARAMETER_COUNT > 1.1944720985066999"", ""CM > 8.0, CC > 6.0"", ""PARAMETER_COUNT > 1.1944720985066999"", ""LONG_METHODS_CONNECTED = 6"", ""CC = 11.0"", ""PARAMETER_COUNT > 1.1944720985066999"", ""CINT > 8.0, CDISP > 0.5, CC > 1.0"", ""PARAMETER_COUNT > 1.1953917533880227"", ""MLOC > 7.578442423129675"", ""CALLS_TO_org.apache.derbyTesting.functionTests.tests.replicationTests.Utils > 7"", ""PARAMETER_COUNT > 1.1765482829468539""]"
Researcher 1,apache_derby,20606,"[""Inline Method"", ""Inline Method"", ""Extract Method"", ""Extract Method""]","[""org.apache.derby.impl.sql.compile.CreateTriggerNode"", ""org.apache.derby.impl.sql.compile.CreateTriggerNode.bindReferencesClause(DataDictionary)"", ""org.apache.derby.impl.sql.compile.CreateTriggerNode.genColumnReferenceSQL(DataDictionary,String,String,boolean)"", ""org.apache.derby.impl.sql.compile.CreateTriggerNode.genColumnReferenceSQL(DataDictionary,String,String,boolean,int)""]","[""d928ea97f2a6d49a8ceb9d130d2ef1a8e1440e79"", ""d928ea97f2a6d49a8ceb9d130d2ef1a8e1440e79"", ""d928ea97f2a6d49a8ceb9d130d2ef1a8e1440e79"", ""d928ea97f2a6d49a8ceb9d130d2ef1a8e1440e79"", ""d928ea97f2a6d49a8ceb9d130d2ef1a8e1440e79"", ""d928ea97f2a6d49a8ceb9d130d2ef1a8e1440e79"", ""d928ea97f2a6d49a8ceb9d130d2ef1a8e1440e79"", ""d928ea97f2a6d49a8ceb9d130d2ef1a8e1440e79"", ""d928ea97f2a6d49a8ceb9d130d2ef1a8e1440e79"", ""d928ea97f2a6d49a8ceb9d130d2ef1a8e1440e79""]","[""SpaghettiCode"", ""ComplexClass"", ""FeatureEnvy"", ""FeatureEnvy"", ""ComplexClass"", ""FeatureEnvy"", ""FeatureEnvy"", ""FeatureEnvy"", ""FeatureEnvy"", ""FeatureEnvy""]","[""8c0784d3f4293fc312a26f7b3d5a7788"", ""7632160dc1bf1eea4e3d3d47d22448d6"", ""13d681acb310d9f22109c630bddaa78e"", ""a088e6ce0d5ede7d20a515be96200c84"", ""ca4874f5988c54bf0909731795c24fab"", ""6bd9ee540799ab0ad1ea03b3f0bc4550"", ""a3016c8d1f1c2705b7805a4c0e816e2d"", ""5aac4c7f587ec953f608203b1e36bc0c"", ""d16a2b5af00e381c652d2e91095de2f0"", ""bfa7b11f8b8aef4bdb4f163cd1b48626""]","[66, 625, 269, 475, 277, 427, 161, 113, 318, 583]","[701, 699, 316, 516, 409, 473, 202, 159, 360, 623]","[""{\""IsAbstract\"": 0.0, \""ClassLinesOfCode\"": 374.0, \""OverrideRatio\"": null, \""TightClassCohesion\"": 0.8333333333333334, \""PublicFieldCount\"": 0.0}"", ""{\""IsAbstract\"": 0.0, \""ClassLinesOfCode\"": 374.0, \""OverrideRatio\"": null, \""TightClassCohesion\"": 0.8333333333333334, \""PublicFieldCount\"": 0.0}"", ""{\""LocalityRatio\"": 0.0, \""MaxCallChain\"": 2.0, \""ParameterCount\"": 0.0, \""CyclomaticComplexity\"": 4.0, \""MethodLinesOfCode\"": 27.0}"", ""{\""LocalityRatio\"": 0.0, \""MaxCallChain\"": 2.0, \""ParameterCount\"": 0.0, \""CyclomaticComplexity\"": 4.0, \""MethodLinesOfCode\"": 23.0}"", ""{\""IsAbstract\"": 0.0, \""ClassLinesOfCode\"": 331.0, \""OverrideRatio\"": null, \""PublicFieldCount\"": 0.0, \""TightClassCohesion\"": 0.14285714285714285}"", ""{\""LocalityRatio\"": 0.0, \""MaxCallChain\"": 2.0, \""ParameterCount\"": 0.0, \""CyclomaticComplexity\"": 4.0, \""MethodLinesOfCode\"": 26.0}"", ""{\""LocalityRatio\"": 0.0, \""MaxCallChain\"": 2.0, \""ParameterCount\"": 0.0, \""CyclomaticComplexity\"": 4.0, \""MethodLinesOfCode\"": 24.0}"", ""{\""LocalityRatio\"": 0.0, \""MaxCallChain\"": 2.0, \""ParameterCount\"": 0.0, \""CyclomaticComplexity\"": 4.0, \""MethodLinesOfCode\"": 27.0}"", ""{\""LocalityRatio\"": 0.0, \""MaxCallChain\"": 2.0, \""ParameterCount\"": 0.0, \""CyclomaticComplexity\"": 4.0, \""MethodLinesOfCode\"": 24.0}"", ""{\""LocalityRatio\"": 0.0, \""MaxCallChain\"": 1.0, \""ParameterCount\"": 0.0, \""CyclomaticComplexity\"": 4.0, \""MethodLinesOfCode\"": 23.0}""]","[""a6f95866d866b55121220657cf2cb25110486f81"", ""a6f95866d866b55121220657cf2cb25110486f81"", ""a6f95866d866b55121220657cf2cb25110486f81"", ""a6f95866d866b55121220657cf2cb25110486f81"", ""a6f95866d866b55121220657cf2cb25110486f81"", ""a6f95866d866b55121220657cf2cb25110486f81"", ""a6f95866d866b55121220657cf2cb25110486f81""]","[""SpaghettiCode"", ""ComplexClass"", ""IntensiveCoupling"", ""MessageChain"", ""LongMethod"", ""FeatureEnvy"", ""LongParameterList""]","[""f2bda320e16b6b816f81473bd6ccd306"", ""37000e4947a027b193dceebdc65cedbc"", ""1dfe7be046e4568e69543715a7d4e6aa"", ""ccfc47c4e9369ca8bd15f39ae02c1c3e"", ""9a6762f2bd507d96147f2187501ac3b0"", ""e74121593e3d8e2abe3cddaace2c9043"", ""aebe88f72a371b20a4b5cdb99f90e213""]","[51, 51, 536, 536, 519, 510, 1094]","[1260, 1260, 952, 952, 641, 666, 1197]","[""LONG_METHODS_CONNECTED = 2"", ""CC = 11.0"", ""CINT = 28.0, CDISP = 0.4642857142857143, CC > 1.0"", ""MAX_CALL_CHAIN = 4.0"", ""MLOC > 8.104169696969771"", ""CALLS_TO_org.apache.derby.impl.sql.compile.QueryTreeNode > 5"", ""PARAMETER_COUNT > 1.183330410602007""]"
Researcher 1,apache_derby,20620,"[""Extract Method"", ""Extract Method"", ""Inline Method"", ""Inline Method""]","[""org.apache.derby.impl.sql.execute.AlterTableConstantAction"", ""org.apache.derby.impl.sql.execute.AlterTableConstantAction.updateStatistics(Activation)"", ""org.apache.derby.impl.sql.execute.AlterTableConstantAction.compressTable()"", ""org.apache.derby.impl.sql.execute.AlterTableConstantAction.compressTable(Activation)"", ""org.apache.derby.impl.sql.execute.AlterTableConstantAction.executeConstantAction(Activation)""]","[""5dfe6fa771e47cc0c9af2a17f06cb0b5bac29b9e"", ""5dfe6fa771e47cc0c9af2a17f06cb0b5bac29b9e"", ""5dfe6fa771e47cc0c9af2a17f06cb0b5bac29b9e"", ""5dfe6fa771e47cc0c9af2a17f06cb0b5bac29b9e""]","[""FeatureEnvy"", ""FeatureEnvy"", ""FeatureEnvy"", ""FeatureEnvy""]","[""0cd4a69d20bedc8688d7459b6762f350"", ""5310c2518577b95d1724176b8426030f"", ""8186b51a8c6af8b839f3093f70339c70"", ""c5fa1450c88b5aade3bd1456c7e1c9ea""]","[81, 119, 106, 96]","[94, 127, 114, 104]","[""{\""MaxCallChain\"": 3.0, \""MethodLinesOfCode\"": 10.0, \""ParameterCount\"": 1.0, \""CyclomaticComplexity\"": 4.0, \""LocalityRatio\"": 0.0}"", ""{\""MaxCallChain\"": 2.0, \""MethodLinesOfCode\"": 7.0, \""ParameterCount\"": 1.0, \""CyclomaticComplexity\"": 2.0, \""LocalityRatio\"": 0.25}"", ""{\""MaxCallChain\"": 2.0, \""MethodLinesOfCode\"": 7.0, \""ParameterCount\"": 2.0, \""CyclomaticComplexity\"": 2.0, \""LocalityRatio\"": 0.2}"", ""{\""MaxCallChain\"": 2.0, \""MethodLinesOfCode\"": 7.0, \""ParameterCount\"": 1.0, \""CyclomaticComplexity\"": 2.0, \""LocalityRatio\"": 0.0}""]","[""b1977cf5c05bb4b75ec3ef617b9fa44c2adf28bd"", ""b1977cf5c05bb4b75ec3ef617b9fa44c2adf28bd"", ""b1977cf5c05bb4b75ec3ef617b9fa44c2adf28bd"", ""b1977cf5c05bb4b75ec3ef617b9fa44c2adf28bd"", ""b1977cf5c05bb4b75ec3ef617b9fa44c2adf28bd"", ""b1977cf5c05bb4b75ec3ef617b9fa44c2adf28bd"", ""b1977cf5c05bb4b75ec3ef617b9fa44c2adf28bd"", ""b1977cf5c05bb4b75ec3ef617b9fa44c2adf28bd"", ""b1977cf5c05bb4b75ec3ef617b9fa44c2adf28bd"", ""b1977cf5c05bb4b75ec3ef617b9fa44c2adf28bd"", ""b1977cf5c05bb4b75ec3ef617b9fa44c2adf28bd"", ""b1977cf5c05bb4b75ec3ef617b9fa44c2adf28bd"", ""b1977cf5c05bb4b75ec3ef617b9fa44c2adf28bd""]","[""IntensiveCoupling"", ""LongMethod"", ""FeatureEnvy"", ""IntensiveCoupling"", ""LongMethod"", ""FeatureEnvy"", ""IntensiveCoupling"", ""LongMethod"", ""IntensiveCoupling"", ""LongMethod"", ""SpaghettiCode"", ""ComplexClass"", ""GodClass""]","[""54cd148ebb3f04238e21f9234b80da25"", ""d3f33667fd32ff5e6d73788cfc1414fd"", ""d4a746f585e14aef6380698afa41b9c3"", ""54cd148ebb3f04238e21f9234b80da25"", ""d3f33667fd32ff5e6d73788cfc1414fd"", ""d4a746f585e14aef6380698afa41b9c3"", ""524904b2d7c8f0f04b50e0f9062c5713"", ""4b30af0c6c2d4906205b4ab53e35e4a1"", ""524904b2d7c8f0f04b50e0f9062c5713"", ""4b30af0c6c2d4906205b4ab53e35e4a1"", ""3c975593f6a50cd5c71bebac179ea33b"", ""9124dcd8703db100c93c87b7ced0241e"", ""c6588047bdedfb938b8a3825b3c180c7""]","[1955, 1955, 1955, 1955, 1955, 1955, 268, 268, 268, 268, 83, 83, 83]","[2131, 2131, 2131, 2131, 2131, 2131, 621, 621, 621, 621, 2533, 2533, 2533]","[""CINT = 32.0, CDISP = 0.4375, CC > 1.0"", ""MLOC > 7.837528831130841"", ""CALLS_TO_org.apache.derby.iapi.sql.dictionary.TableDescriptor > 7"", ""CINT = 32.0, CDISP = 0.4375, CC > 1.0"", ""MLOC > 7.837528831130841"", ""CALLS_TO_org.apache.derby.iapi.sql.dictionary.TableDescriptor > 7"", ""CINT = 38.0, CDISP = 0.3684210526315789, CC > 1.0"", ""MLOC > 7.837528831130841"", ""CINT = 38.0, CDISP = 0.3684210526315789, CC > 1.0"", ""MLOC > 7.837528831130841"", ""LONG_METHODS_CONNECTED = 6"", ""CC = 47.0"", ""CLOC > 500, TCC < 0.4276029126892707""]"
Researcher 1,apache_derby,20623,"[""Extract Method"", ""Extract Method"", ""Extract Method"", ""Extract Method""]","[""org.apache.derby.impl.sql.depend.BasicDependencyMResearcher 1ger"", ""org.apache.derby.impl.sql.depend.BasicDependencyMResearcher 1ger.addDependency(Dependent,Provider,ContextMResearcher 1ger,TransactionController)"", ""org.apache.derby.impl.sql.depend.BasicDependencyMResearcher 1ger.addInMemoryDependency(Dependent,Provider,ContextMResearcher 1ger)"", ""org.apache.derby.impl.sql.depend.BasicDependencyMResearcher 1ger.addStoredDependency(Dependent,Provider,ContextMResearcher 1ger,TransactionController)""]","[""dc596b13c69420b5790c18872005420d6b743621"", ""dc596b13c69420b5790c18872005420d6b743621"", ""dc596b13c69420b5790c18872005420d6b743621"", ""dc596b13c69420b5790c18872005420d6b743621"", ""dc596b13c69420b5790c18872005420d6b743621"", ""dc596b13c69420b5790c18872005420d6b743621"", ""dc596b13c69420b5790c18872005420d6b743621"", ""dc596b13c69420b5790c18872005420d6b743621""]","[""FeatureEnvy"", ""FeatureEnvy"", ""ComplexClass"", ""FeatureEnvy"", ""FeatureEnvy"", ""FeatureEnvy"", ""FeatureEnvy"", ""FeatureEnvy""]","[""c61782033546348567ebc15dd5600880"", ""e50aeed4f34bc5fc2d21447be77a56eb"", ""d0a64322047912ccd1faaef20f2190e8"", ""a448176e77e4a200927a386f7018f54d"", ""0ae5d124209c67122ee0c46a9036cd30"", ""f3af2de154be44645e3a86c8d6cdda0b"", ""ad7a8f3a6216a95e480cd344568611a3"", ""e834808695bc1795f6e9a0f420c5843a""]","[681, 744, 371, 752, 704, 657, 673, 775]","[694, 750, 444, 765, 710, 663, 679, 781]","[""{\""ParameterCount\"": 2.0, \""MethodLinesOfCode\"": 10.0, \""LocalityRatio\"": 0.3333333333333333, \""CyclomaticComplexity\"": 4.0, \""MaxCallChain\"": 1.0}"", ""{\""ParameterCount\"": 3.0, \""MethodLinesOfCode\"": 5.0, \""LocalityRatio\"": 0.3333333333333333, \""CyclomaticComplexity\"": 2.0, \""MaxCallChain\"": 1.0}"", ""{\""IsAbstract\"": 0.0, \""ClassLinesOfCode\"": 456.0, \""OverrideRatio\"": null, \""TightClassCohesion\"": 0.0889240506329114, \""PublicFieldCount\"": 0.0}"", ""{\""ParameterCount\"": 3.0, \""MethodLinesOfCode\"": 10.0, \""LocalityRatio\"": 0.3333333333333333, \""CyclomaticComplexity\"": 4.0, \""MaxCallChain\"": 1.0}"", ""{\""ParameterCount\"": 2.0, \""MethodLinesOfCode\"": 5.0, \""LocalityRatio\"": 0.3333333333333333, \""CyclomaticComplexity\"": 2.0, \""MaxCallChain\"": 1.0}"", ""{\""ParameterCount\"": 2.0, \""MethodLinesOfCode\"": 5.0, \""LocalityRatio\"": 0.3333333333333333, \""CyclomaticComplexity\"": 2.0, \""MaxCallChain\"": 1.0}"", ""{\""ParameterCount\"": 2.0, \""MethodLinesOfCode\"": 5.0, \""LocalityRatio\"": 0.3333333333333333, \""CyclomaticComplexity\"": 2.0, \""MaxCallChain\"": 1.0}"", ""{\""ParameterCount\"": 3.0, \""MethodLinesOfCode\"": 5.0, \""LocalityRatio\"": 0.3333333333333333, \""CyclomaticComplexity\"": 2.0, \""MaxCallChain\"": 1.0}""]","[""7eb8268695821336631b85f1ebcadab95e28aee4"", ""7eb8268695821336631b85f1ebcadab95e28aee4"", ""7eb8268695821336631b85f1ebcadab95e28aee4"", ""7eb8268695821336631b85f1ebcadab95e28aee4""]","[""ComplexClass"", ""LongParameterList"", ""LongParameterList"", ""LongParameterList""]","[""07cb91662fea60a4bb09072493dce69f"", ""80bbc671e3effeca1083267add522964"", ""80bbc671e3effeca1083267add522964"", ""8cab6bbb16332c08ed4421871ed9cfac""]","[72, 133, 133, 204]","[1391, 157, 157, 232]","[""CC = 25.0"", ""PARAMETER_COUNT > 1.180098316698937"", ""PARAMETER_COUNT > 1.180098316698937"", ""PARAMETER_COUNT > 1.180098316698937""]"
Researcher 1,apache_derby,20632,"[""Extract Method"", ""Extract Method"", ""Extract Method"", ""Extract Method""]","[""org.apache.derby.impl.sql.catalog.DataDictionaryImpl.updateCurrentSequenceValue(TransactionController,RowLocation,boolean,Long,Long)"", ""org.apache.derby.impl.sql.catalog.DataDictionaryImpl"", ""org.apache.derby.impl.sql.catalog.DataDictionaryImpl.updateCurrentSeqValue(TransactionController,RowLocation,boolean,Long,Long,TabInfoImpl,int,int)"", ""org.apache.derby.impl.sql.catalog.DataDictionaryImpl.getSetAutoincrementValue(RowLocation,TransactionController,boolean,NumberDataValue,boolean)"", ""org.apache.derby.impl.sql.catalog.DataDictionaryImpl.computeIdentityRowLocation(TransactionController,TableDescriptor)""]","[""dc2941d6045de8ed539758dc8c81946d27cec1ae"", ""dc2941d6045de8ed539758dc8c81946d27cec1ae"", ""dc2941d6045de8ed539758dc8c81946d27cec1ae"", ""dc2941d6045de8ed539758dc8c81946d27cec1ae"", ""dc2941d6045de8ed539758dc8c81946d27cec1ae""]","[""FeatureEnvy"", ""ComplexClass"", ""GodClass"", ""LongMethod"", ""FeatureEnvy""]","[""9daa4f4fc158cceff45b3a863a20a1ae"", ""d0a64322047912ccd1faaef20f2190e8"", ""ad90ae9e3fdb46bda6502f6e0b5ede1e"", ""4bcf44395ae0c009906e7f50ad8ebd4b"", ""93d1a4754185c1e9850ae0947cdc87d3""]","[866, 371, 34, 898, 898]","[884, 444, -1, 942, 942]","[""{\""LocalityRatio\"": 0.125, \""MaxCallChain\"": 2.0, \""ParameterCount\"": 0.0, \""CyclomaticComplexity\"": 5.0, \""MethodLinesOfCode\"": 13.0}"", ""{\""IsAbstract\"": 0.0, \""ClassLinesOfCode\"": 456.0, \""OverrideRatio\"": null, \""TightClassCohesion\"": 0.0889240506329114, \""PublicFieldCount\"": 0.0}"", ""{\""IsAbstract\"": 0.0, \""ClassLinesOfCode\"": 627.0, \""OverrideRatio\"": null, \""PublicFieldCount\"": 0.0, \""TightClassCohesion\"": 0.06478715459297983}"", ""{\""LocalityRatio\"": 0.06060606060606061, \""MaxCallChain\"": 2.0, \""ParameterCount\"": 2.0, \""CyclomaticComplexity\"": 12.0, \""MethodLinesOfCode\"": 32.0}"", ""{\""LocalityRatio\"": 0.06060606060606061, \""MaxCallChain\"": 2.0, \""ParameterCount\"": 2.0, \""CyclomaticComplexity\"": 12.0, \""MethodLinesOfCode\"": 32.0}""]","[""729be573f884af9d6e4235ba78cf1b07c42d9173"", ""729be573f884af9d6e4235ba78cf1b07c42d9173"", ""729be573f884af9d6e4235ba78cf1b07c42d9173"", ""729be573f884af9d6e4235ba78cf1b07c42d9173"", ""729be573f884af9d6e4235ba78cf1b07c42d9173"", ""729be573f884af9d6e4235ba78cf1b07c42d9173"", ""729be573f884af9d6e4235ba78cf1b07c42d9173""]","[""LongParameterList"", ""SpaghettiCode"", ""ComplexClass"", ""ClassDataShouldBePrivate"", ""GodClass"", ""DispersedCoupling"", ""LongParameterList""]","[""ce2c3ce83792f5ecc19aa981810204dd"", ""7dff2048a8225ab3ed42c4b85a58ba16"", ""57e92d34fa250d5def40de45eee4dab1"", ""f0be238e7d2a9f0851e693a354a0c662"", ""1fbae94e26d0325a9b6a3a0d91a5f4ba"", ""e8530fc8624b42b91f46152088271b23"", ""c0491d39cab6a14584e340f2d351f974""]","[10382, 156, 156, 156, 156, 10484, 10484]","[10457, 11291, 11291, 11291, 11291, 10569, 10569]","[""PARAMETER_COUNT > 1.1759726007573748"", ""LONG_METHODS_CONNECTED = 17"", ""CC = 22.0"", ""PUBLIC_FIELD_COUNT = 3.0"", ""CLOC > 500, TCC < 0.4268867393916222"", ""CINT > 8.0, CDISP > 0.5, CC > 1.0"", ""PARAMETER_COUNT > 1.1761018420290978""]"
Researcher 1,apache_derby,20653,"[""Extract Method"", ""Extract Method"", ""Extract Method"", ""Extract Method""]","[""org.apache.derbyTesting.functionTests.tests.storetests.st_reclaim_longcol.test2(Connection,int,int,int)"", ""org.apache.derbyTesting.functionTests.tests.storetests.st_reclaim_longcol"", ""org.apache.derbyTesting.functionTests.tests.storetests.st_reclaim_longcol.wait_for_max_allocated(Connection,String,int)"", ""org.apache.derbyTesting.functionTests.tests.storetests.st_reclaim_longcol.test1(Connection,int,int)""]","[""3f49cbffff020134239962f1001b168c43c58acb"", ""3f49cbffff020134239962f1001b168c43c58acb""]","[""FeatureEnvy"", ""FeatureEnvy""]","[""e1c74dc7f8f91704831a14e5e6d13656"", ""5200848e5ca902182aa37714f1bb7fa4""]","[17, 32]","[30, 45]","[""CALLS_TO_net.jodah.lyra.internal.AbstractFunctionalTest > 8"", ""CALLS_TO_net.jodah.lyra.internal.AbstractFunctionalTest > 8""]","[""cf5ac0ccac801b7ebc2e8af7770d5a2010c2fcfd"", ""cf5ac0ccac801b7ebc2e8af7770d5a2010c2fcfd"", ""cf5ac0ccac801b7ebc2e8af7770d5a2010c2fcfd"", ""cf5ac0ccac801b7ebc2e8af7770d5a2010c2fcfd"", ""cf5ac0ccac801b7ebc2e8af7770d5a2010c2fcfd"", ""cf5ac0ccac801b7ebc2e8af7770d5a2010c2fcfd""]","[""LongParameterList"", ""LongMethod"", ""FeatureEnvy"", ""SpaghettiCode"", ""LongMethod"", ""FeatureEnvy""]","[""2903e54b6db0254b2cc748a2b5de3c84"", ""4a44c2f26043b58f2a84f2514edb4705"", ""6f43e33c3431a87e08ab46518c26ca0b"", ""6705cc6be1b7c1ed9f03ade53b54b598"", ""5c008872266ae321b171582f5c2422bc"", ""a9a50702f0c6b2764f7ef91c6519c2a6""]","[216, 216, 216, 40, 88, 88]","[374, 374, 374, 472, 214, 214]","[""PARAMETER_COUNT > 1.1758515579639652"", ""MLOC > 7.946705051286362"", ""CALLS_TO_java.sql.PreparedStatement > 13"", ""LONG_METHODS_CONNECTED = 2"", ""MLOC > 8.252503728956935"", ""CALLS_TO_org.apache.derbyTesting.functionTests.tests.store.BaseTest > 4""]"
Researcher 1,apache_derby,20658,"[""Extract Method"", ""Extract Method"", ""Extract Method"", ""Extract Method"", ""Extract Method"", ""Extract Method"", ""Extract Method"", ""Extract Method"", ""Extract Method"", ""Extract Method"", ""Extract Method"", ""Extract Method"", ""Extract Method"", ""Extract Method"", ""Extract Method"", ""Extract Method"", ""Extract Method"", ""Extract Method""]","[""org.apache.derbyTesting.functionTests.tests.replicationTests.ReplicationRun.verifySlave()"", ""org.apache.derbyTesting.functionTests.tests.replicationTests.ReplicationRun"", ""org.apache.derbyTesting.functionTests.tests.replicationTests.ReplicationRun.configureDataSource(String,String,int,String)"", ""org.apache.derbyTesting.functionTests.tests.replicationTests.ReplicationRun.waitForConnect(long,int,String,String,int)"", ""org.apache.derbyTesting.functionTests.tests.replicationTests.ReplicationRun._verifyDatabase(String,int,String,int)"", ""org.apache.derbyTesting.functionTests.tests.replicationTests.ReplicationRun.showCurrentState(String,long,String,String,int)"", ""org.apache.derbyTesting.functionTests.tests.replicationTests.ReplicationRun.masterLoadURL(String)"", ""org.apache.derbyTesting.functionTests.tests.replicationTests.ReplicationRun.serverURL(String,String,int)"", ""org.apache.derbyTesting.functionTests.tests.replicationTests.ReplicationRun.waitForSQLState(String,long,int,String,String,int)"", ""org.apache.derbyTesting.functionTests.tests.replicationTests.ReplicationRun.startMaster_direct(String,String,int,String,int)"", ""org.apache.derbyTesting.functionTests.tests.replicationTests.ReplicationRun.verifyMaster()"", ""org.apache.derbyTesting.functionTests.tests.replicationTests.ReplicationRun._testInsertUpdateDeleteOnMaster(String,int,String,int)""]","[""3f49cbffff020134239962f1001b168c43c58acb"", ""3f49cbffff020134239962f1001b168c43c58acb"", ""3f49cbffff020134239962f1001b168c43c58acb"", ""3f49cbffff020134239962f1001b168c43c58acb""]","[""FeatureEnvy"", ""FeatureEnvy"", ""FeatureEnvy"", ""FeatureEnvy""]","[""472222e1650accfc3832b8ef6d2f6de6"", ""6eee29525e10f26a0c1928dfff4a5e47"", ""727492c6f0a0c3fc560b172432e022c4"", ""1c390ec32d800ff95c496557388e5988""]","[17, 62, 47, 32]","[30, 75, 60, 45]","[""CALLS_TO_net.jodah.lyra.internal.AbstractFunctionalTest > 8"", ""CALLS_TO_net.jodah.lyra.internal.AbstractFunctionalTest > 8"", ""CALLS_TO_net.jodah.lyra.internal.AbstractFunctionalTest > 8"", ""CALLS_TO_net.jodah.lyra.internal.AbstractFunctionalTest > 8""]","[""61b02b72e27b874561a17bc74ff14870f170b216"", ""61b02b72e27b874561a17bc74ff14870f170b216"", ""61b02b72e27b874561a17bc74ff14870f170b216"", ""61b02b72e27b874561a17bc74ff14870f170b216"", ""61b02b72e27b874561a17bc74ff14870f170b216"", ""61b02b72e27b874561a17bc74ff14870f170b216"", ""61b02b72e27b874561a17bc74ff14870f170b216"", ""61b02b72e27b874561a17bc74ff14870f170b216"", ""61b02b72e27b874561a17bc74ff14870f170b216"", ""61b02b72e27b874561a17bc74ff14870f170b216"", ""61b02b72e27b874561a17bc74ff14870f170b216"", ""61b02b72e27b874561a17bc74ff14870f170b216"", ""61b02b72e27b874561a17bc74ff14870f170b216"", ""61b02b72e27b874561a17bc74ff14870f170b216"", ""61b02b72e27b874561a17bc74ff14870f170b216""]","[""LongParameterList"", ""LongParameterList"", ""LongParameterList"", ""LongParameterList"", ""IntensiveCoupling"", ""LongParameterList"", ""FeatureEnvy"", ""LongParameterList"", ""FeatureEnvy"", ""SpaghettiCode"", ""ComplexClass"", ""GodClass"", ""DispersedCoupling"", ""LongParameterList"", ""FeatureEnvy""]","[""224f586896403e259fd36381910d0ea1"", ""ed290148dbaddc393f7b017f18799960"", ""773a3ba1189fd2394908e484634003af"", ""0a13a4de9dbcde1e431b103fb39841c0"", ""ad5d16e176311d76db7ba38ecd2b1771"", ""86b18bab076febc41c558adb8c85619f"", ""f806d02e754a7da7838eb35e42c1a4c0"", ""cac8feeeee817d4baaa834d27e907fa8"", ""fad6646276c6e4a32ee414e4570dfab8"", ""e8ea4a9a374e0ea3d899d04fa8d25a46"", ""09ccd218baea0722d85c3c413650a9f7"", ""b6af47c56bb323d8c5e7b3d7602900b0"", ""d37416fd3e3bb71caf25d2eb0faf9427"", ""0efa7b50fbfd8e4343beb41b32ddf50e"", ""340a94716de9aa4b50d88e7dd0c80f0c""]","[437, 3115, 406, 381, 3087, 3087, 3087, 3335, 3335, 35, 35, 39, 946, 946, 946]","[483, 3128, 436, 405, 3114, 3114, 3114, 3362, 3362, 3503, 3503, 3192, 1021, 1021, 1021]","[""PARAMETER_COUNT > 1.176066888985522"", ""PARAMETER_COUNT > 1.176066888985522"", ""PARAMETER_COUNT > 1.176066888985522"", ""PARAMETER_COUNT > 1.176066888985522"", ""CINT = 11.0, CDISP = 0.45454545454545453, CC > 1.0"", ""PARAMETER_COUNT > 1.176066888985522"", ""CALLS_TO_java.sql.PreparedStatement > 4"", ""PARAMETER_COUNT > 1.176066888985522"", ""CALLS_TO_org.apache.derby.jdbc.ClientBaseDataSource > 6"", ""LONG_METHODS_CONNECTED = 6"", ""CC = 11.0"", ""CLOC > 500, TCC < 0.407300078351677"", ""CINT > 8.0, CDISP > 0.5, CC > 1.0"", ""PARAMETER_COUNT > 1.1953917533880227"", ""CALLS_TO_org.apache.derbyTesting.functionTests.tests.replicationTests.Utils > 7""]"
Researcher 1,apache_derby,20660,"[""Extract Method"", ""Extract Method"", ""Extract Method"", ""Extract Method""]","[""org.apache.derby.impl.tools.dblook.DB_Jar"", ""org.apache.derby.impl.tools.dblook.DB_Jar.doJars(String,Connection)"", ""org.apache.derby.impl.tools.dblook.DB_Jar.doHeader(boolean)"", ""org.apache.derby.impl.tools.dblook.DB_Jar.doCopy(String,String)""]","[""6ef3a5cd54cfacf43038706d15e37acd14e741c3"", ""6ef3a5cd54cfacf43038706d15e37acd14e741c3"", ""6ef3a5cd54cfacf43038706d15e37acd14e741c3"", ""6ef3a5cd54cfacf43038706d15e37acd14e741c3"", ""6ef3a5cd54cfacf43038706d15e37acd14e741c3""]","[""DispersedCoupling"", ""LongMethod"", ""FeatureEnvy"", ""SpaghettiCode"", ""ComplexClass""]","[""2b9c52a946c7d81b43416eb7a7396b2b"", ""0d440169c3bd1f376a82bcb20d37b3d0"", ""52ab8d0ccccbea04b7de9dd4190cd281"", ""2954dd0cdede05adc88ded62f4740ca4"", ""e67361e2cab6ce41aec7d220bccf0267""]","[149, 149, 149, 33, 33]","[190, 190, 190, 527, 527]","[""CINT > 8.0, CDISP > 0.5, CC > 1.0"", ""MLOC > 5.158730158730158"", ""CALLS_TO_net.jodah.lyra.config.Config > 4"", ""LONG_METHODS_CONNECTED = 2"", ""CC = 40.0""]","[""78c2db1dfb013500d6ec709df5384b9ade7f002a""]","[""FeatureEnvy""]","[""61da88b29f0e4e7d4df2506a7ce1b4b0""]",[187],[196],"[""CALLS_TO_org.apache.derby.impl.tools.dblook.Logs > 4""]"
Researcher 1,apache_derby,20672,"[""Extract Method"", ""Extract Method"", ""Inline Method"", ""Inline Method"", ""Inline Method"", ""Inline Method"", ""Extract Method"", ""Extract Method"", ""Extract Method"", ""Extract Method""]","[""org.apache.derbyTesting.functionTests.tests.replicationTests.ReplicationRun"", ""org.apache.derbyTesting.functionTests.tests.replicationTests.ReplicationRun.stopServer(String,String,String,int)"", ""org.apache.derbyTesting.functionTests.tests.replicationTests.ReplicationRun.runUserCommandLocally(String,String,File)"", ""org.apache.derbyTesting.functionTests.tests.replicationTests.ReplicationRun.startLoad(String,String,String,boolean,String,String,int)"", ""org.apache.derbyTesting.functionTests.tests.replicationTests.ReplicationRun.startOptionalLoad(Load,String,String,int)"", ""org.apache.derbyTesting.functionTests.tests.replicationTests.ReplicationRun.runUserCommandRemotely(String,String,String,String)"", ""org.apache.derbyTesting.functionTests.tests.replicationTests.ReplicationRun.runUserCommand(String,String)"", ""org.apache.derbyTesting.functionTests.tests.replicationTests.ReplicationRun.runUserCommandLocally(String,String,String)"", ""org.apache.derbyTesting.functionTests.tests.replicationTests.ReplicationRun.startServer(String,String,String,String,int,String)"", ""org.apache.derbyTesting.functionTests.tests.replicationTests.ReplicationRun.runUserCommandInThreadLocally(String,String,String)""]","[""24e020498f0ebbe569eefcc52ea59b1ec8eb3bc9"", ""24e020498f0ebbe569eefcc52ea59b1ec8eb3bc9"", ""24e020498f0ebbe569eefcc52ea59b1ec8eb3bc9"", ""24e020498f0ebbe569eefcc52ea59b1ec8eb3bc9"", ""24e020498f0ebbe569eefcc52ea59b1ec8eb3bc9"", ""24e020498f0ebbe569eefcc52ea59b1ec8eb3bc9"", ""24e020498f0ebbe569eefcc52ea59b1ec8eb3bc9"", ""24e020498f0ebbe569eefcc52ea59b1ec8eb3bc9"", ""24e020498f0ebbe569eefcc52ea59b1ec8eb3bc9""]","[""FeatureEnvy"", ""BrainClass"", ""SpaghettiCode"", ""ComplexClass"", ""GodClass"", ""BrainMethod"", ""IntensiveCoupling"", ""LongMethod"", ""FeatureEnvy""]","[""e74f457bbd4a5a3ce4fc5021e2a953ad"", ""afa1ef84f4ae9b8403f3d6881eeeb8f3"", ""ae79c0fc0252a34072318cb0f7f5dccb"", ""5e97adcd4e3b0a96cc5f4721bdf6484b"", ""e0f0444ec29d618a4dfb33f3b6d7d6e4"", ""11af7b5dbdfc75e0ec0db6b18202a135"", ""90a7e279d688654dc0ee04ad582319ea"", ""839d9502b3079f87bb178b1e44b378a4"", ""cc1638a3f964802bf18a1da5b631310b""]","[3713, 61, 69, 69, 69, 546, 546, 546, 873]","[3736, 7610, 8321, 8321, 8321, 863, 863, 863, 899]","[""CALLS_TO_org.apache.derby.impl.drda.DDMReader > 5"", ""BRAIN_METHODS = 1, WMC = 1153.0, TCC = 0.0"", ""LONG_METHODS_CONNECTED = 30"", ""CC = 18.0"", ""CLOC > 500, TCC < 0.42461234036739287"", ""MLOC > 100.44741483028392, CC > 6.762430136436645, MAX_NESTING > 5.0, NOAV > 6.0"", ""CINT = 52.0, CDISP = 0.11538461538461539, CC > 1.0"", ""MLOC > 6.417051904733773"", ""CALLS_TO_org.apache.derby.impl.drda.DDMReader > 5""]","[""f0951abae36bafeb3c64b57714ba8de819e0a911"", ""f0951abae36bafeb3c64b57714ba8de819e0a911"", ""f0951abae36bafeb3c64b57714ba8de819e0a911"", ""f0951abae36bafeb3c64b57714ba8de819e0a911"", ""f0951abae36bafeb3c64b57714ba8de819e0a911"", ""f0951abae36bafeb3c64b57714ba8de819e0a911"", ""f0951abae36bafeb3c64b57714ba8de819e0a911"", ""f0951abae36bafeb3c64b57714ba8de819e0a911"", ""f0951abae36bafeb3c64b57714ba8de819e0a911"", ""f0951abae36bafeb3c64b57714ba8de819e0a911"", ""f0951abae36bafeb3c64b57714ba8de819e0a911""]","[""LongParameterList"", ""LongMethod"", ""FeatureEnvy"", ""LongParameterList"", ""LongParameterList"", ""LongMethod"", ""FeatureEnvy"", ""LongParameterList"", ""SpaghettiCode"", ""ComplexClass"", ""GodClass""]","[""4d5cce9bb4ad006853395da36a34a345"", ""c17487b31b941f3a3b9d73d9bb90965d"", ""fbc8669d4cf364da716b01b58260f1b6"", ""146c7a004f99e59a8838fbf98ce74e65"", ""b1b80f600e171f34f3a65c292c9c7351"", ""b7dd96a9a341ada7d7fb58161720b13c"", ""c6d8ccdd9a2317424b7bc3f6b82a90db"", ""a0da2e3c89e2a8c4c3b779366fa2b7ae"", ""e8ea4a9a374e0ea3d899d04fa8d25a46"", ""09ccd218baea0722d85c3c413650a9f7"", ""b6af47c56bb323d8c5e7b3d7602900b0""]","[2160, 2160, 2160, 1531, 2024, 2024, 2024, 2167, 35, 35, 39]","[2298, 2298, 2298, 1546, 2085, 2085, 2085, 2224, 3503, 3503, 3192]","[""PARAMETER_COUNT > 1.1802749581157237"", ""MLOC > 7.873706514240143"", ""CALLS_TO_org.apache.derbyTesting.functionTests.tests.replicationTests.Utils > 14"", ""PARAMETER_COUNT > 1.1765482829468539"", ""PARAMETER_COUNT > 1.1755934486158597"", ""MLOC > 7.939657038407848"", ""CALLS_TO_org.apache.derbyTesting.functionTests.tests.replicationTests.Utils > 9"", ""PARAMETER_COUNT > 1.1755934486158597"", ""LONG_METHODS_CONNECTED = 6"", ""CC = 11.0"", ""CLOC > 500, TCC < 0.407300078351677""]"
Researcher 1,apache_derby,20674,"[""Extract Method"", ""Extract Method"", ""Extract Method"", ""Extract Method""]","[""org.apache.derby.client.am.Clob"", ""org.apache.derby.client.am.Clob.truncate(long)"", ""org.apache.derby.client.am.Clob.reInitForNonLocator(String)"", ""org.apache.derby.client.am.Clob.setStringX(long,String,int,int)""]","[""563eb578416833d606646d32a4c0c4ca6be48b12"", ""563eb578416833d606646d32a4c0c4ca6be48b12"", ""563eb578416833d606646d32a4c0c4ca6be48b12"", ""563eb578416833d606646d32a4c0c4ca6be48b12""]","[""LongParameterList"", ""LongMethod"", ""FeatureEnvy"", ""LongParameterList""]","[""126ee8043038f855b5530b6d2556f9dd"", ""b975a6f664340d9b8ccf9237637c42c6"", ""57f04ec614d4fe43bad10568a6be6732"", ""7a4ac1768fc6b17dc73cfd4807ce7ab3""]","[303, 303, 303, 45]","[386, 386, 386, 72]","[""PARAMETER_COUNT > 1.3008133694830923"", ""MLOC > 8.098893284145593"", ""CALLS_TO_org.apache.derbyTesting.functionTests.tests.store.BaseTest > 12"", ""PARAMETER_COUNT > 1.3008133694830923""]","[""c784df507ab6b6b8082377a5476f21bb1a7be0d0"", ""c784df507ab6b6b8082377a5476f21bb1a7be0d0"", ""c784df507ab6b6b8082377a5476f21bb1a7be0d0"", ""c784df507ab6b6b8082377a5476f21bb1a7be0d0""]","[""ComplexClass"", ""FeatureEnvy"", ""LongParameterList"", ""FeatureEnvy""]","[""e8d9194cc60f5200210ad0fe56099360"", ""999a3e2cc81fdbcc5e3aad75ceaa780f"", ""500c9d9660e79f8c4c826d7953865480"", ""e83403b13dd661ab36c0226b2eddb5d0""]","[32, 745, 560, 616]","[1073, 799, 596, 685]","[""CC = 12.0"", ""CALLS_TO_org.apache.derby.client.am.Lob > 7"", ""PARAMETER_COUNT > 1.2572991429168812"", ""CALLS_TO_org.apache.derby.client.am.Lob > 5""]"
Researcher 1,apache_derby,20697,"[""Extract Method"", ""Extract Method"", ""Extract Method"", ""Extract Method""]","[""org.apache.derbyTesting.functionTests.tests.jdbc4.PreparedStatementTest42.populateTable(Connection)"", ""org.apache.derbyTesting.functionTests.tests.jdbc4.PreparedStatementTest42"", ""org.apache.derbyTesting.functionTests.tests.jdbc4.PreparedStatementTest42.prepareInsert(Connection)"", ""org.apache.derbyTesting.functionTests.tests.jdbc4.PreparedStatementTest42.insertRow(PreparedStatement,int)""]","[""b0a922f1d4bdb26913408656bea8cbb75cfdff3c"", ""b0a922f1d4bdb26913408656bea8cbb75cfdff3c""]","[""FeatureEnvy"", ""FeatureEnvy""]","[""2339f7f4f29af33171e10836ae3adc36"", ""84c7bddf9c6c81e066fb81db21898349""]","[157, 230]","[193, 271]","[""CALLS_TO_org.apache.derby.impl.services.cache.CacheEntry > 5"", ""CALLS_TO_org.apache.derby.impl.services.cache.CacheEntry > 5""]","[""fc9b418d86b26971132218b15c6ce093d063dbec"", ""fc9b418d86b26971132218b15c6ce093d063dbec""]","[""ComplexClass"", ""ClassDataShouldBePrivate""]","[""b467c2257dd606f02504ebafd4b38fb6"", ""1164016028210d3d059215ce8a98036f""]","[48, 48]","[900, 900]","[""CC = 11.0"", ""PUBLIC_FIELD_COUNT = 3.0""]"
Researcher 1,apache_derby,20700,"[""Extract Method"", ""Extract Method"", ""Extract Method"", ""Extract Method"", ""Extract Method"", ""Extract Method"", ""Extract Method"", ""Extract Method""]","[""org.apache.derbyTesting.functionTests.tests.jdbc4.PreparedStatementTest42"", ""org.apache.derbyTesting.functionTests.tests.jdbc4.PreparedStatementTest42.vetProc(Connection)"", ""org.apache.derbyTesting.functionTests.tests.jdbc4.PreparedStatementTest42.assertUnimplemented(SQLException)"", ""org.apache.derbyTesting.functionTests.tests.jdbc4.PreparedStatementTest42.test_04_targetTypeIsNull()"", ""org.apache.derbyTesting.functionTests.tests.jdbc4.PreparedStatementTest42.vetSetObjectProc(Connection)"", ""org.apache.derbyTesting.functionTests.tests.jdbc4.PreparedStatementTest42.populateTable(Connection)""]","[""66a8763aec8c968a890cc5664797e686ea617785"", ""66a8763aec8c968a890cc5664797e686ea617785"", ""66a8763aec8c968a890cc5664797e686ea617785"", ""66a8763aec8c968a890cc5664797e686ea617785"", ""66a8763aec8c968a890cc5664797e686ea617785""]","[""SpaghettiCode"", ""ComplexClass"", ""GodClass"", ""FeatureEnvy"", ""LongMethod""]","[""e513e633bdc311525ccb84afd04da622"", ""61352f560b61d888490da48b9ed7c572"", ""0d57de5d87e7f70675ef7aad690d7c45"", ""bb0e36aa0ad2ec37d29c0380364eb25b"", ""97eb8461c7a5570bec5eeb4886faca72""]","[60, 60, 60, 3067, 3205]","[4600, 4600, 4600, 3116, 3447]","[""LONG_METHODS_CONNECTED = 19"", ""CC = 11.0"", ""CLOC > 500, TCC < 0.42023279267513525"", ""CALLS_TO_org.apache.derbyTesting.junit.BaseJDBCTestCase > 4"", ""MLOC > 7.9366573574726615""]","[""9f0c37aef1916a60ac622bf6d3604abe894b4d3f"", ""9f0c37aef1916a60ac622bf6d3604abe894b4d3f"", ""9f0c37aef1916a60ac622bf6d3604abe894b4d3f"", ""9f0c37aef1916a60ac622bf6d3604abe894b4d3f"", ""9f0c37aef1916a60ac622bf6d3604abe894b4d3f"", ""9f0c37aef1916a60ac622bf6d3604abe894b4d3f"", ""9f0c37aef1916a60ac622bf6d3604abe894b4d3f"", ""9f0c37aef1916a60ac622bf6d3604abe894b4d3f""]","[""LongMethod"", ""FeatureEnvy"", ""LongMethod"", ""SpaghettiCode"", ""ComplexClass"", ""ClassDataShouldBePrivate"", ""IntensiveCoupling"", ""LongMethod""]","[""e71370120323dddac1b1cf867172c642"", ""4df371135739f16a705a2777db9af1dc"", ""d534cb5aacd49396ed206a68f274e620"", ""6c576a3429113d029326616fedb3a0a6"", ""b467c2257dd606f02504ebafd4b38fb6"", ""1164016028210d3d059215ce8a98036f"", ""e33a06a6a226e8efb84e1cf331df10fe"", ""98191bc10d2cfc7cc37e8ec656bcb9dd""]","[591, 591, 643, 48, 48, 48, 439, 439]","[641, 641, 697, 900, 900, 900, 518, 518]","[""MLOC > 7.905675008811491"", ""CALLS_TO_java.sql.PreparedStatement > 6"", ""MLOC > 7.905675008811491"", ""LONG_METHODS_CONNECTED = 4"", ""CC = 11.0"", ""PUBLIC_FIELD_COUNT = 3.0"", ""CINT = 13.0, CDISP = 0.38461538461538464, CC > 1.0"", ""MLOC > 7.905675008811491""]"
Researcher 1,apache_derby,20712,"[""Rename Method"", ""Rename Method"", ""Extract Method"", ""Extract Method""]","[""org.apache.derbyTesting.functionTests.tests.i18n.UrlLocaleTest"", ""org.apache.derbyTesting.functionTests.tests.i18n.UrlLocaleTest.testInvalidTerritoryFormat(String)"", ""org.apache.derbyTesting.functionTests.tests.i18n.UrlLocaleTest.checkInvalidTerritoryFormat(String)"", ""org.apache.derbyTesting.functionTests.tests.i18n.UrlLocaleTest.testURLLocale()"", ""org.apache.derbyTesting.functionTests.tests.i18n.UrlLocaleTest.getReadWriteJDBCURL(String)""]","[""85b9e37caedde5b0be3150255678d46ce7d0400e"", ""85b9e37caedde5b0be3150255678d46ce7d0400e"", ""85b9e37caedde5b0be3150255678d46ce7d0400e"", ""85b9e37caedde5b0be3150255678d46ce7d0400e"", ""85b9e37caedde5b0be3150255678d46ce7d0400e"", ""85b9e37caedde5b0be3150255678d46ce7d0400e"", ""85b9e37caedde5b0be3150255678d46ce7d0400e"", ""85b9e37caedde5b0be3150255678d46ce7d0400e""]","[""SpaghettiCode"", ""ComplexClass"", ""IntensiveCoupling"", ""LongMethod"", ""FeatureEnvy"", ""IntensiveCoupling"", ""LongMethod"", ""FeatureEnvy""]","[""db59e9f1eafb2d5698d0a91f5e972cad"", ""854da44ec1c900085e94210007a83c4b"", ""6d86e64035a0a16bf2ff1ffd434792c2"", ""9e6de1b0d5803e0f975886211ad1d554"", ""2e6fb68b884ea000b15cd035c2571e86"", ""ddf6e47aecaca015f332e367f7399576"", ""328302df9d10a3bcf8a8cc68d7d2d951"", ""bc3911099b4b5884a086588d4973995e""]","[31, 31, 565, 565, 565, 356, 356, 356]","[661, 765, 689, 660, 689, 470, 470, 470]","[""LONG_METHODS_CONNECTED = 2"", ""CC = 15.0"", ""CINT = 14.0, CDISP = 0.42857142857142855, CC > 1.0"", ""MLOC > 8.179232886996653"", ""CALLS_TO_org.apache.derby.impl.services.cache.ClockPolicy.Holder > 5"", ""CINT = 15.0, CDISP = 0.4, CC > 1.0"", ""MLOC > 8.178639621873474"", ""CALLS_TO_org.apache.derby.impl.services.cache.CacheEntry > 4""]","[""8c41013721a4207a06d90c40615fb82a67ab1f2f""]","[""SpaghettiCode""]","[""f1dfd4d8b3822517ca614b3699057d16""]",[41],[320],"[""LONG_METHODS_CONNECTED = 2""]"
Researcher 1,apache_derby,20734,"[""Extract Method"", ""Extract Method"", ""Extract Method"", ""Extract Method""]","[""org.apache.derby.impl.sql.execute.ReferencedKeyRIChecker.isDuplicated(ExecRow)"", ""org.apache.derby.impl.sql.execute.ReferencedKeyRIChecker"", ""org.apache.derby.impl.sql.execute.ReferencedKeyRIChecker.isDuplicated(DataValueDescriptor,long)"", ""org.apache.derby.impl.sql.execute.ReferencedKeyRIChecker.doCheck(Activation,ExecRow,boolean)""]","[""8654374d4c7b5c6666b1136cea103994ee9240d2"", ""8654374d4c7b5c6666b1136cea103994ee9240d2"", ""8654374d4c7b5c6666b1136cea103994ee9240d2"", ""8654374d4c7b5c6666b1136cea103994ee9240d2"", ""8654374d4c7b5c6666b1136cea103994ee9240d2"", ""8654374d4c7b5c6666b1136cea103994ee9240d2"", ""8654374d4c7b5c6666b1136cea103994ee9240d2"", ""8654374d4c7b5c6666b1136cea103994ee9240d2"", ""8654374d4c7b5c6666b1136cea103994ee9240d2"", ""8654374d4c7b5c6666b1136cea103994ee9240d2"", ""8654374d4c7b5c6666b1136cea103994ee9240d2"", ""8654374d4c7b5c6666b1136cea103994ee9240d2"", ""8654374d4c7b5c6666b1136cea103994ee9240d2"", ""8654374d4c7b5c6666b1136cea103994ee9240d2"", ""8654374d4c7b5c6666b1136cea103994ee9240d2"", ""8654374d4c7b5c6666b1136cea103994ee9240d2"", ""8654374d4c7b5c6666b1136cea103994ee9240d2"", ""8654374d4c7b5c6666b1136cea103994ee9240d2"", ""8654374d4c7b5c6666b1136cea103994ee9240d2"", ""8654374d4c7b5c6666b1136cea103994ee9240d2"", ""8654374d4c7b5c6666b1136cea103994ee9240d2"", ""8654374d4c7b5c6666b1136cea103994ee9240d2"", ""8654374d4c7b5c6666b1136cea103994ee9240d2"", ""8654374d4c7b5c6666b1136cea103994ee9240d2"", ""8654374d4c7b5c6666b1136cea103994ee9240d2""]","[""LongParameterList"", ""LongParameterList"", ""FeatureEnvy"", ""LongParameterList"", ""ShotgunSurgery"", ""LongParameterList"", ""FeatureEnvy"", ""LongParameterList"", ""LongParameterList"", ""LongParameterList"", ""LongParameterList"", ""LongParameterList"", ""LongParameterList"", ""LongParameterList"", ""LongParameterList"", ""ShotgunSurgery"", ""LongParameterList"", ""FeatureEnvy"", ""SpaghettiCode"", ""ComplexClass"", ""DispersedCoupling"", ""LongParameterList"", ""LongMethod"", ""FeatureEnvy"", ""LongParameterList""]","[""dce17754295d276019ba2ddaba6c3ade"", ""a1ddc0f6f918ab379d7d8fb5d9d623b2"", ""12c64c3d24bdba58c55c8383b8467a59"", ""0b6a46cb20a6a4a74c56e842e1f39ff2"", ""ae4a971d15e0545e668480074b526b12"", ""fbe08c19971adc2ae9a3b213b51e5e24"", ""cc604f5565631d430f32e0af45d1f73d"", ""45f0ce5f59dca40c6d9a7e35d5221ac2"", ""71a7a1b2b5fca30c6b7a04e1970dd7dc"", ""2e9d73dd2864eed5e73e2e970fb3375a"", ""64787a97d647699bfe28a7ef20f41e5a"", ""a5f75d60ab653986992e8b19fd594b12"", ""ae623407f4a1dccf4de4d14e5007f589"", ""27c8e8454e93f4ef2fa194da02e7becc"", ""ca2f3afe49a6328c5ea4f171bd753a61"", ""47e7ed9ce3eefdbff497b40250ae7626"", ""1bf44b2578ef15364922030222e268dc"", ""b8617b6dcba8dc89b22a8514f3e701ef"", ""e8ea4a9a374e0ea3d899d04fa8d25a46"", ""09ccd218baea0722d85c3c413650a9f7"", ""d37416fd3e3bb71caf25d2eb0faf9427"", ""0efa7b50fbfd8e4343beb41b32ddf50e"", ""8eaafbe8c2aba548e1f52a0be69525cc"", ""340a94716de9aa4b50d88e7dd0c80f0c"", ""2168613d533bc3534f47cac8b763d86b""]","[1281, 505, 505, 674, 744, 744, 726, 2789, 914, 355, 380, 286, 1411, 310, 334, 418, 418, 394, 35, 35, 946, 946, 946, 946, 695]","[1317, 590, 590, 742, 829, 829, 815, 2845, 956, 378, 390, 308, 1451, 332, 353, 504, 504, 477, 3503, 3503, 1021, 1021, 1021, 1021, 766]","[""PARAMETER_COUNT > 1.1944720985066999"", ""PARAMETER_COUNT > 1.1944720985066999"", ""CALLS_TO_org.apache.derbyTesting.functionTests.tests.replicationTests.Utils > 4"", ""PARAMETER_COUNT > 1.1944720985066999"", ""CM > 8.0, CC > 6.0"", ""PARAMETER_COUNT > 1.1944720985066999"", ""CALLS_TO_org.apache.derbyTesting.functionTests.tests.replicationTests.Utils > 4"", ""PARAMETER_COUNT > 1.1944720985066999"", ""PARAMETER_COUNT > 1.1944720985066999"", ""PARAMETER_COUNT > 1.1943228579665834"", ""PARAMETER_COUNT > 1.1943228579665834"", ""PARAMETER_COUNT > 1.1943228579665834"", ""PARAMETER_COUNT > 1.1944720985066999"", ""PARAMETER_COUNT > 1.1943228579665834"", ""PARAMETER_COUNT > 1.1943228579665834"", ""CM > 8.0, CC > 6.0"", ""PARAMETER_COUNT > 1.1944720985066999"", ""CALLS_TO_org.apache.derbyTesting.functionTests.tests.replicationTests.Utils > 4"", ""LONG_METHODS_CONNECTED = 6"", ""CC = 11.0"", ""CINT > 8.0, CDISP > 0.5, CC > 1.0"", ""PARAMETER_COUNT > 1.1953917533880227"", ""MLOC > 7.578442423129675"", ""CALLS_TO_org.apache.derbyTesting.functionTests.tests.replicationTests.Utils > 7"", ""PARAMETER_COUNT > 1.1765482829468539""]","[""18a6fb272a26cab64131c81304162f4e3765d429""]","[""ComplexClass""]","[""47101af5e75e953c3cdc0916e9053c46""]",[42],[380],"[""CC = 13.0""]"
Researcher 1,apache_derby,20423,"[""Move Method"", ""Move Method"", ""Move Method"", ""Move Method"", ""Move Method"", ""Move Method"", ""Move Method"", ""Move Method""]","[""org.apache.derby.client.net.NetConnection"", ""org.apache.derby.client.net.NetXAConnection"", ""org.apache.derby.client.net.NetXAConnection.closeX()"", ""org.apache.derby.client.net.NetConnection.closeX()"", ""org.apache.derby.client.net.NetXAConnection.closeForReuse()"", ""org.apache.derby.client.net.NetConnection.closeForReuse()"", ""org.apache.derby.client.net.NetXAConnection.close()"", ""org.apache.derby.client.net.NetConnection.close()"", ""org.apache.derby.client.net.NetXAConnection.closeResources()"", ""org.apache.derby.client.net.NetConnection.closeResources()""]","[""19f33c647f7aa16f405656c12fa693331ee50dd8"", ""19f33c647f7aa16f405656c12fa693331ee50dd8"", ""19f33c647f7aa16f405656c12fa693331ee50dd8"", ""19f33c647f7aa16f405656c12fa693331ee50dd8""]","[""SpaghettiCode"", ""ComplexClass"", ""ClassDataShouldBePrivate"", ""GodClass""]","[""a1dbf5d9902910a77f155738bf40f1e1"", ""a26c48989c05372b6fd72a08c36f4450"", ""252031ebe362192c0e56a26f14ebd50e"", ""8810f0989593fc0d7256df2b72fd0f21""]","[35, 35, 35, 35]","[1643, 1643, 1643, 1643]","[""LONG_METHODS_CONNECTED = 3"", ""CC = 13.0"", ""PUBLIC_FIELD_COUNT = 4.0"", ""CLOC > 500, TCC < 0.4456733113125138""]","[""dadd05a17c2f386293cd0c22c3aa8bf0ab5fd94d"", ""dadd05a17c2f386293cd0c22c3aa8bf0ab5fd94d"", ""dadd05a17c2f386293cd0c22c3aa8bf0ab5fd94d"", ""dadd05a17c2f386293cd0c22c3aa8bf0ab5fd94d""]","[""SpaghettiCode"", ""ComplexClass"", ""ClassDataShouldBePrivate"", ""GodClass""]","[""a1dbf5d9902910a77f155738bf40f1e1"", ""a26c48989c05372b6fd72a08c36f4450"", ""252031ebe362192c0e56a26f14ebd50e"", ""8810f0989593fc0d7256df2b72fd0f21""]","[35, 35, 35, 35]","[1643, 1643, 1643, 1643]","[""LONG_METHODS_CONNECTED = 3"", ""CC = 13.0"", ""PUBLIC_FIELD_COUNT = 4.0"", ""CLOC > 500, TCC < 0.4456733113125138""]"
Researcher 1,apache_derby,20572,"[""Extract Method"", ""Extract Method"", ""Extract Method"", ""Extract Method"", ""Extract Method"", ""Extract Method"", ""Extract Method"", ""Extract Method"", ""Rename Method"", ""Rename Method"", ""Rename Method"", ""Rename Method"", ""Rename Method"", ""Rename Method"", ""Pull Up Method"", ""Pull Up Method"", ""Extract Method"", ""Extract Method"", ""Rename Method"", ""Rename Method"", ""Extract Method"", ""Extract Method"", ""Rename Method"", ""Rename Method"", ""Extract Method"", ""Extract Method"", ""Extract Method"", ""Extract Method"", ""Extract Method"", ""Extract Method"", ""Extract Method"", ""Extract Method"", ""Extract Method"", ""Extract Method""]","[""org.apache.derbyTesting.functionTests.tests.replicationTests.ReplicationRun.runStateTest(String,String,String,String,int,String)"", ""org.apache.derbyTesting.functionTests.tests.replicationTests.ReplicationRun"", ""org.apache.derbyTesting.functionTests.tests.replicationTests.ReplicationRun.masterLoadURL(String)"", ""org.apache.derbyTesting.functionTests.tests.replicationTests.ReplicationRun.runLoad(String,String,String,String,int,String)"", ""org.apache.derbyTesting.functionTests.tests.replicationTests.ReplicationRun.startLoad(String,String,String,boolean,String,String,int)"", ""org.apache.derbyTesting.functionTests.tests.replicationTests.ReplicationRun.masterURL(String)"", ""org.apache.derbyTesting.functionTests.tests.replicationTests.ReplicationRun.startMaster_ij(String,String,int,String,int,String)"", ""org.apache.derbyTesting.functionTests.tests.replicationTests.ReplicationRun_Local_StateTest_part2.startSlave(String,int,String,String,int)"", ""org.apache.derbyTesting.functionTests.tests.replicationTests.ReplicationRun_Local_StateTest_part2"", ""org.apache.derbyTesting.functionTests.tests.replicationTests.ReplicationRun_Local_StateTest_part2._startSlave(String,int,String,String,int)"", ""org.apache.derbyTesting.functionTests.tests.replicationTests.ReplicationRun_Local_StateTest_part2.stopSlave(String,int,String,String,int)"", ""org.apache.derbyTesting.functionTests.tests.replicationTests.ReplicationRun_Local_StateTest_part2._stopSlave(String,int,String,String,int)"", ""org.apache.derbyTesting.functionTests.tests.replicationTests.ReplicationRun_Local_StateTest_part2.failOver(String,int,String,String,String)"", ""org.apache.derbyTesting.functionTests.tests.replicationTests.ReplicationRun_Local_StateTest_part2._failOver(String,int,String,String,String)"", ""org.apache.derbyTesting.functionTests.tests.replicationTests.ReplicationRun_Local_StateTest_part2.getConnection(String,int,String,String,String)"", ""org.apache.derbyTesting.functionTests.tests.replicationTests.ReplicationRun.getConnection(String,int,String,String,String)"", ""org.apache.derbyTesting.functionTests.tests.replicationTests.ReplicationRun.runTestOnSlave(String,String,String,String,int,String)"", ""org.apache.derbyTesting.functionTests.tests.replicationTests.ReplicationRun.slaveURL(String)"", ""org.apache.derbyTesting.functionTests.tests.replicationTests.ReplicationRun_Local_StateTest_part2.executeQuery(Connection,String)"", ""org.apache.derbyTesting.functionTests.tests.replicationTests.ReplicationRun_Local_StateTest_part2._executeQuery(Connection,String)"", ""org.apache.derbyTesting.functionTests.tests.replicationTests.ReplicationRun.startMaster_direct(String,String,int,String,int)"", ""org.apache.derbyTesting.functionTests.tests.replicationTests.ReplicationRun_Local_StateTest_part2.startMaster(String,int,String,String,String,int)"", ""org.apache.derbyTesting.functionTests.tests.replicationTests.ReplicationRun_Local_StateTest_part2._startMaster(String,int,String,String,String,int)"", ""org.apache.derbyTesting.functionTests.tests.replicationTests.ReplicationRun.runTest(String,String,String,String,int,String)"", ""org.apache.derbyTesting.functionTests.tests.replicationTests.ReplicationRun.getMasterConnection()"", ""org.apache.derbyTesting.functionTests.tests.replicationTests.ReplicationRun.bootMasterDatabase(String,String,String,String,int,String)"", ""org.apache.derbyTesting.functionTests.tests.replicationTests.ReplicationRun.stopSlave_ij(String,String,String,int,String)"", ""org.apache.derbyTesting.functionTests.tests.replicationTests.ReplicationRun.stopMaster_ij(String,String,String,int,String)""]","[""8654374d4c7b5c6666b1136cea103994ee9240d2"", ""8654374d4c7b5c6666b1136cea103994ee9240d2"", ""8654374d4c7b5c6666b1136cea103994ee9240d2"", ""8654374d4c7b5c6666b1136cea103994ee9240d2"", ""8654374d4c7b5c6666b1136cea103994ee9240d2"", ""8654374d4c7b5c6666b1136cea103994ee9240d2"", ""8654374d4c7b5c6666b1136cea103994ee9240d2"", ""8654374d4c7b5c6666b1136cea103994ee9240d2"", ""8654374d4c7b5c6666b1136cea103994ee9240d2"", ""8654374d4c7b5c6666b1136cea103994ee9240d2"", ""8654374d4c7b5c6666b1136cea103994ee9240d2"", ""8654374d4c7b5c6666b1136cea103994ee9240d2"", ""8654374d4c7b5c6666b1136cea103994ee9240d2"", ""8654374d4c7b5c6666b1136cea103994ee9240d2"", ""8654374d4c7b5c6666b1136cea103994ee9240d2"", ""8654374d4c7b5c6666b1136cea103994ee9240d2"", ""8654374d4c7b5c6666b1136cea103994ee9240d2"", ""8654374d4c7b5c6666b1136cea103994ee9240d2"", ""8654374d4c7b5c6666b1136cea103994ee9240d2"", ""8654374d4c7b5c6666b1136cea103994ee9240d2"", ""8654374d4c7b5c6666b1136cea103994ee9240d2"", ""8654374d4c7b5c6666b1136cea103994ee9240d2"", ""8654374d4c7b5c6666b1136cea103994ee9240d2"", ""8654374d4c7b5c6666b1136cea103994ee9240d2"", ""8654374d4c7b5c6666b1136cea103994ee9240d2""]","[""LongParameterList"", ""LongParameterList"", ""FeatureEnvy"", ""LongParameterList"", ""ShotgunSurgery"", ""LongParameterList"", ""FeatureEnvy"", ""LongParameterList"", ""LongParameterList"", ""LongParameterList"", ""LongParameterList"", ""LongParameterList"", ""LongParameterList"", ""LongParameterList"", ""LongParameterList"", ""ShotgunSurgery"", ""LongParameterList"", ""FeatureEnvy"", ""SpaghettiCode"", ""ComplexClass"", ""DispersedCoupling"", ""LongParameterList"", ""LongMethod"", ""FeatureEnvy"", ""LongParameterList""]","[""dce17754295d276019ba2ddaba6c3ade"", ""a1ddc0f6f918ab379d7d8fb5d9d623b2"", ""12c64c3d24bdba58c55c8383b8467a59"", ""0b6a46cb20a6a4a74c56e842e1f39ff2"", ""ae4a971d15e0545e668480074b526b12"", ""fbe08c19971adc2ae9a3b213b51e5e24"", ""cc604f5565631d430f32e0af45d1f73d"", ""45f0ce5f59dca40c6d9a7e35d5221ac2"", ""71a7a1b2b5fca30c6b7a04e1970dd7dc"", ""2e9d73dd2864eed5e73e2e970fb3375a"", ""64787a97d647699bfe28a7ef20f41e5a"", ""a5f75d60ab653986992e8b19fd594b12"", ""ae623407f4a1dccf4de4d14e5007f589"", ""27c8e8454e93f4ef2fa194da02e7becc"", ""ca2f3afe49a6328c5ea4f171bd753a61"", ""47e7ed9ce3eefdbff497b40250ae7626"", ""1bf44b2578ef15364922030222e268dc"", ""b8617b6dcba8dc89b22a8514f3e701ef"", ""e8ea4a9a374e0ea3d899d04fa8d25a46"", ""09ccd218baea0722d85c3c413650a9f7"", ""d37416fd3e3bb71caf25d2eb0faf9427"", ""0efa7b50fbfd8e4343beb41b32ddf50e"", ""8eaafbe8c2aba548e1f52a0be69525cc"", ""340a94716de9aa4b50d88e7dd0c80f0c"", ""2168613d533bc3534f47cac8b763d86b""]","[1281, 505, 505, 674, 744, 744, 726, 2789, 914, 355, 380, 286, 1411, 310, 334, 418, 418, 394, 35, 35, 946, 946, 946, 946, 695]","[1317, 590, 590, 742, 829, 829, 815, 2845, 956, 378, 390, 308, 1451, 332, 353, 504, 504, 477, 3503, 3503, 1021, 1021, 1021, 1021, 766]","[""PARAMETER_COUNT > 1.1944720985066999"", ""PARAMETER_COUNT > 1.1944720985066999"", ""CALLS_TO_org.apache.derbyTesting.functionTests.tests.replicationTests.Utils > 4"", ""PARAMETER_COUNT > 1.1944720985066999"", ""CM > 8.0, CC > 6.0"", ""PARAMETER_COUNT > 1.1944720985066999"", ""CALLS_TO_org.apache.derbyTesting.functionTests.tests.replicationTests.Utils > 4"", ""PARAMETER_COUNT > 1.1944720985066999"", ""PARAMETER_COUNT > 1.1944720985066999"", ""PARAMETER_COUNT > 1.1943228579665834"", ""PARAMETER_COUNT > 1.1943228579665834"", ""PARAMETER_COUNT > 1.1943228579665834"", ""PARAMETER_COUNT > 1.1944720985066999"", ""PARAMETER_COUNT > 1.1943228579665834"", ""PARAMETER_COUNT > 1.1943228579665834"", ""CM > 8.0, CC > 6.0"", ""PARAMETER_COUNT > 1.1944720985066999"", ""CALLS_TO_org.apache.derbyTesting.functionTests.tests.replicationTests.Utils > 4"", ""LONG_METHODS_CONNECTED = 6"", ""CC = 11.0"", ""CINT > 8.0, CDISP > 0.5, CC > 1.0"", ""PARAMETER_COUNT > 1.1953917533880227"", ""MLOC > 7.578442423129675"", ""CALLS_TO_org.apache.derbyTesting.functionTests.tests.replicationTests.Utils > 7"", ""PARAMETER_COUNT > 1.1765482829468539""]","[""c5935add096a51f769aee0f6e3aac74c260b4212"", ""c5935add096a51f769aee0f6e3aac74c260b4212"", ""c5935add096a51f769aee0f6e3aac74c260b4212"", ""c5935add096a51f769aee0f6e3aac74c260b4212"", ""c5935add096a51f769aee0f6e3aac74c260b4212"", ""c5935add096a51f769aee0f6e3aac74c260b4212"", ""c5935add096a51f769aee0f6e3aac74c260b4212"", ""c5935add096a51f769aee0f6e3aac74c260b4212"", ""c5935add096a51f769aee0f6e3aac74c260b4212"", ""c5935add096a51f769aee0f6e3aac74c260b4212"", ""c5935add096a51f769aee0f6e3aac74c260b4212"", ""c5935add096a51f769aee0f6e3aac74c260b4212"", ""c5935add096a51f769aee0f6e3aac74c260b4212"", ""c5935add096a51f769aee0f6e3aac74c260b4212"", ""c5935add096a51f769aee0f6e3aac74c260b4212"", ""c5935add096a51f769aee0f6e3aac74c260b4212"", ""c5935add096a51f769aee0f6e3aac74c260b4212"", ""c5935add096a51f769aee0f6e3aac74c260b4212"", ""c5935add096a51f769aee0f6e3aac74c260b4212"", ""c5935add096a51f769aee0f6e3aac74c260b4212"", ""c5935add096a51f769aee0f6e3aac74c260b4212"", ""c5935add096a51f769aee0f6e3aac74c260b4212"", ""c5935add096a51f769aee0f6e3aac74c260b4212""]","[""LongParameterList"", ""LongParameterList"", ""FeatureEnvy"", ""LongParameterList"", ""LongParameterList"", ""ShotgunSurgery"", ""LongParameterList"", ""LongParameterList"", ""LongParameterList"", ""LongParameterList"", ""LongParameterList"", ""LongParameterList"", ""LongParameterList"", ""ShotgunSurgery"", ""LongParameterList"", ""SpaghettiCode"", ""ComplexClass"", ""LongParameterList"", ""DispersedCoupling"", ""LongParameterList"", ""LongMethod"", ""FeatureEnvy"", ""LongParameterList""]","[""dce17754295d276019ba2ddaba6c3ade"", ""a1ddc0f6f918ab379d7d8fb5d9d623b2"", ""12c64c3d24bdba58c55c8383b8467a59"", ""f2adc51e6bb8ec6e477f07b755fa72cb"", ""0b6a46cb20a6a4a74c56e842e1f39ff2"", ""ae4a971d15e0545e668480074b526b12"", ""fbe08c19971adc2ae9a3b213b51e5e24"", ""45f0ce5f59dca40c6d9a7e35d5221ac2"", ""db68b758c6dac8f4028b9620f15fb92b"", ""f459a7d8bd572d70a6a5e7ae0e0192e5"", ""71a7a1b2b5fca30c6b7a04e1970dd7dc"", ""9d1ebd4d8cf722804906f678a4612a73"", ""ae623407f4a1dccf4de4d14e5007f589"", ""47e7ed9ce3eefdbff497b40250ae7626"", ""1bf44b2578ef15364922030222e268dc"", ""e8ea4a9a374e0ea3d899d04fa8d25a46"", ""09ccd218baea0722d85c3c413650a9f7"", ""a44ace3140ba0f2d837d33ea9cdcff1f"", ""d37416fd3e3bb71caf25d2eb0faf9427"", ""0efa7b50fbfd8e4343beb41b32ddf50e"", ""8eaafbe8c2aba548e1f52a0be69525cc"", ""340a94716de9aa4b50d88e7dd0c80f0c"", ""2168613d533bc3534f47cac8b763d86b""]","[1281, 505, 505, 312, 674, 744, 744, 2789, 336, 288, 914, 357, 1411, 418, 418, 35, 35, 3465, 946, 946, 946, 946, 695]","[1317, 590, 590, 334, 742, 829, 829, 2845, 355, 310, 956, 380, 1451, 504, 504, 3503, 3503, 3475, 1021, 1021, 1021, 1021, 766]","[""PARAMETER_COUNT > 1.1944720985066999"", ""PARAMETER_COUNT > 1.1944720985066999"", ""CALLS_TO_org.apache.derbyTesting.functionTests.tests.replicationTests.Utils > 4"", ""PARAMETER_COUNT > 1.1944720985066999"", ""PARAMETER_COUNT > 1.1944720985066999"", ""CM > 8.0, CC > 6.0"", ""PARAMETER_COUNT > 1.1944720985066999"", ""PARAMETER_COUNT > 1.1944720985066999"", ""PARAMETER_COUNT > 1.1944720985066999"", ""PARAMETER_COUNT > 1.1944720985066999"", ""PARAMETER_COUNT > 1.1944720985066999"", ""PARAMETER_COUNT > 1.1944720985066999"", ""PARAMETER_COUNT > 1.1944720985066999"", ""CM > 8.0, CC > 6.0"", ""PARAMETER_COUNT > 1.1944720985066999"", ""LONG_METHODS_CONNECTED = 6"", ""CC = 11.0"", ""PARAMETER_COUNT > 1.1944720985066999"", ""CINT > 8.0, CDISP > 0.5, CC > 1.0"", ""PARAMETER_COUNT > 1.1953917533880227"", ""MLOC > 7.578442423129675"", ""CALLS_TO_org.apache.derbyTesting.functionTests.tests.replicationTests.Utils > 7"", ""PARAMETER_COUNT > 1.1765482829468539""]"
Researcher 1,apache_derby,20648,"[""Inline Method"", ""Inline Method"", ""Inline Method"", ""Inline Method"", ""Move Method"", ""Move Method""]","[""org.apache.derby.impl.jdbc.authentication.AuthenticationServiceBase.encryptUsingDefaultAlgorithm(String,String,Dictionary)"", ""org.apache.derby.impl.jdbc.authentication.AuthenticationServiceBase.encryptPasswordConfigurableScheme(String,String,String,byte,int)"", ""org.apache.derby.impl.jdbc.authentication.AuthenticationServiceBase"", ""org.apache.derby.impl.jdbc.authentication.AuthenticationServiceBase.getIntProperty(Dictionary,String,int,int,int)"", ""org.apache.derby.impl.jdbc.authentication.AuthenticationServiceBase.generateRandomSalt(Dictionary)"", ""org.apache.derby.impl.sql.catalog.DataDictionaryImpl"", ""org.apache.derby.impl.sql.catalog.DataDictionaryImpl.generateRandomSalt(Dictionary)""]","[""8654374d4c7b5c6666b1136cea103994ee9240d2"", ""8654374d4c7b5c6666b1136cea103994ee9240d2"", ""8654374d4c7b5c6666b1136cea103994ee9240d2"", ""8654374d4c7b5c6666b1136cea103994ee9240d2"", ""8654374d4c7b5c6666b1136cea103994ee9240d2"", ""8654374d4c7b5c6666b1136cea103994ee9240d2"", ""8654374d4c7b5c6666b1136cea103994ee9240d2"", ""8654374d4c7b5c6666b1136cea103994ee9240d2"", ""8654374d4c7b5c6666b1136cea103994ee9240d2"", ""8654374d4c7b5c6666b1136cea103994ee9240d2"", ""8654374d4c7b5c6666b1136cea103994ee9240d2"", ""8654374d4c7b5c6666b1136cea103994ee9240d2"", ""8654374d4c7b5c6666b1136cea103994ee9240d2"", ""8654374d4c7b5c6666b1136cea103994ee9240d2"", ""8654374d4c7b5c6666b1136cea103994ee9240d2"", ""8654374d4c7b5c6666b1136cea103994ee9240d2"", ""8654374d4c7b5c6666b1136cea103994ee9240d2"", ""8654374d4c7b5c6666b1136cea103994ee9240d2"", ""8654374d4c7b5c6666b1136cea103994ee9240d2"", ""8654374d4c7b5c6666b1136cea103994ee9240d2"", ""8654374d4c7b5c6666b1136cea103994ee9240d2"", ""8654374d4c7b5c6666b1136cea103994ee9240d2"", ""8654374d4c7b5c6666b1136cea103994ee9240d2"", ""8654374d4c7b5c6666b1136cea103994ee9240d2"", ""8654374d4c7b5c6666b1136cea103994ee9240d2""]","[""LongParameterList"", ""LongParameterList"", ""FeatureEnvy"", ""LongParameterList"", ""ShotgunSurgery"", ""LongParameterList"", ""FeatureEnvy"", ""LongParameterList"", ""LongParameterList"", ""LongParameterList"", ""LongParameterList"", ""LongParameterList"", ""LongParameterList"", ""LongParameterList"", ""LongParameterList"", ""ShotgunSurgery"", ""LongParameterList"", ""FeatureEnvy"", ""SpaghettiCode"", ""ComplexClass"", ""DispersedCoupling"", ""LongParameterList"", ""LongMethod"", ""FeatureEnvy"", ""LongParameterList""]","[""dce17754295d276019ba2ddaba6c3ade"", ""a1ddc0f6f918ab379d7d8fb5d9d623b2"", ""12c64c3d24bdba58c55c8383b8467a59"", ""0b6a46cb20a6a4a74c56e842e1f39ff2"", ""ae4a971d15e0545e668480074b526b12"", ""fbe08c19971adc2ae9a3b213b51e5e24"", ""cc604f5565631d430f32e0af45d1f73d"", ""45f0ce5f59dca40c6d9a7e35d5221ac2"", ""71a7a1b2b5fca30c6b7a04e1970dd7dc"", ""2e9d73dd2864eed5e73e2e970fb3375a"", ""64787a97d647699bfe28a7ef20f41e5a"", ""a5f75d60ab653986992e8b19fd594b12"", ""ae623407f4a1dccf4de4d14e5007f589"", ""27c8e8454e93f4ef2fa194da02e7becc"", ""ca2f3afe49a6328c5ea4f171bd753a61"", ""47e7ed9ce3eefdbff497b40250ae7626"", ""1bf44b2578ef15364922030222e268dc"", ""b8617b6dcba8dc89b22a8514f3e701ef"", ""e8ea4a9a374e0ea3d899d04fa8d25a46"", ""09ccd218baea0722d85c3c413650a9f7"", ""d37416fd3e3bb71caf25d2eb0faf9427"", ""0efa7b50fbfd8e4343beb41b32ddf50e"", ""8eaafbe8c2aba548e1f52a0be69525cc"", ""340a94716de9aa4b50d88e7dd0c80f0c"", ""2168613d533bc3534f47cac8b763d86b""]","[1281, 505, 505, 674, 744, 744, 726, 2789, 914, 355, 380, 286, 1411, 310, 334, 418, 418, 394, 35, 35, 946, 946, 946, 946, 695]","[1317, 590, 590, 742, 829, 829, 815, 2845, 956, 378, 390, 308, 1451, 332, 353, 504, 504, 477, 3503, 3503, 1021, 1021, 1021, 1021, 766]","[""PARAMETER_COUNT > 1.1944720985066999"", ""PARAMETER_COUNT > 1.1944720985066999"", ""CALLS_TO_org.apache.derbyTesting.functionTests.tests.replicationTests.Utils > 4"", ""PARAMETER_COUNT > 1.1944720985066999"", ""CM > 8.0, CC > 6.0"", ""PARAMETER_COUNT > 1.1944720985066999"", ""CALLS_TO_org.apache.derbyTesting.functionTests.tests.replicationTests.Utils > 4"", ""PARAMETER_COUNT > 1.1944720985066999"", ""PARAMETER_COUNT > 1.1944720985066999"", ""PARAMETER_COUNT > 1.1943228579665834"", ""PARAMETER_COUNT > 1.1943228579665834"", ""PARAMETER_COUNT > 1.1943228579665834"", ""PARAMETER_COUNT > 1.1944720985066999"", ""PARAMETER_COUNT > 1.1943228579665834"", ""PARAMETER_COUNT > 1.1943228579665834"", ""CM > 8.0, CC > 6.0"", ""PARAMETER_COUNT > 1.1944720985066999"", ""CALLS_TO_org.apache.derbyTesting.functionTests.tests.replicationTests.Utils > 4"", ""LONG_METHODS_CONNECTED = 6"", ""CC = 11.0"", ""CINT > 8.0, CDISP > 0.5, CC > 1.0"", ""PARAMETER_COUNT > 1.1953917533880227"", ""MLOC > 7.578442423129675"", ""CALLS_TO_org.apache.derbyTesting.functionTests.tests.replicationTests.Utils > 7"", ""PARAMETER_COUNT > 1.1765482829468539""]","[""a84fc2679293c30e3ebf1b62443cc8a34225b0df"", ""a84fc2679293c30e3ebf1b62443cc8a34225b0df"", ""a84fc2679293c30e3ebf1b62443cc8a34225b0df"", ""a84fc2679293c30e3ebf1b62443cc8a34225b0df""]","[""SpaghettiCode"", ""ComplexClass"", ""ClassDataShouldBePrivate"", ""GodClass""]","[""7dff2048a8225ab3ed42c4b85a58ba16"", ""57e92d34fa250d5def40de45eee4dab1"", ""f0be238e7d2a9f0851e693a354a0c662"", ""1fbae94e26d0325a9b6a3a0d91a5f4ba""]","[156, 156, 156, 156]","[11291, 11291, 11291, 11291]","[""LONG_METHODS_CONNECTED = 17"", ""CC = 22.0"", ""PUBLIC_FIELD_COUNT = 3.0"", ""CLOC > 500, TCC < 0.4268867393916222""]"
Researcher 1,apache_derby,20675,"[""Move Method"", ""Move Method"", ""Move Method"", ""Move Method"", ""Move Method"", ""Move Method"", ""Move Method"", ""Move Method"", ""Move Method"", ""Move Method"", ""Pull Up Method"", ""Pull Up Method"", ""Pull Up Method"", ""Pull Up Method"", ""Move Method"", ""Move Method"", ""Move Method"", ""Move Method"", ""Move Method"", ""Move Method""]","[""org.apache.derby.client.am.CallableStatement40"", ""org.apache.derby.client.am.CallableStatement40.unwrap(lang.Class)"", ""org.apache.derby.client.am.ColumnMetaData"", ""org.apache.derby.client.am.ColumnMetaData.unwrap(Class)"", ""org.apache.derby.jdbc.ClientDataSource40.isWrapperFor(Class)"", ""org.apache.derby.jdbc.ClientDataSource40"", ""org.apache.derby.client.am.ColumnMetaData.isWrapperFor(Class)"", ""org.apache.derby.jdbc.ClientConnectionPoolDataSource40"", ""org.apache.derby.jdbc.ClientConnectionPoolDataSource40.unwrap(lang.Class)"", ""org.apache.derby.jdbc.ClientDataSource40.unwrap(lang.Class)"", ""org.apache.derby.client.am.PreparedStatement40.unwrap(lang.Class)"", ""org.apache.derby.client.am.PreparedStatement40"", ""org.apache.derby.client.am.PreparedStatement"", ""org.apache.derby.client.am.PreparedStatement40.setNString(int,String)"", ""org.apache.derby.client.am.PreparedStatement.setNString(int,String)"", ""org.apache.derby.client.am.CallableStatement40.setNString(int,String)"", ""org.apache.derby.jdbc.ClientConnectionPoolDataSource40.isWrapperFor(Class)"", ""org.apache.derby.jdbc.ClientXADataSource40.isWrapperFor(Class)"", ""org.apache.derby.jdbc.ClientXADataSource40"", ""org.apache.derby.jdbc.ClientXADataSource40.unwrap(lang.Class)""]","[""8654374d4c7b5c6666b1136cea103994ee9240d2"", ""8654374d4c7b5c6666b1136cea103994ee9240d2"", ""8654374d4c7b5c6666b1136cea103994ee9240d2"", ""8654374d4c7b5c6666b1136cea103994ee9240d2"", ""8654374d4c7b5c6666b1136cea103994ee9240d2"", ""8654374d4c7b5c6666b1136cea103994ee9240d2"", ""8654374d4c7b5c6666b1136cea103994ee9240d2"", ""8654374d4c7b5c6666b1136cea103994ee9240d2"", ""8654374d4c7b5c6666b1136cea103994ee9240d2"", ""8654374d4c7b5c6666b1136cea103994ee9240d2"", ""8654374d4c7b5c6666b1136cea103994ee9240d2"", ""8654374d4c7b5c6666b1136cea103994ee9240d2"", ""8654374d4c7b5c6666b1136cea103994ee9240d2"", ""8654374d4c7b5c6666b1136cea103994ee9240d2"", ""8654374d4c7b5c6666b1136cea103994ee9240d2"", ""8654374d4c7b5c6666b1136cea103994ee9240d2"", ""8654374d4c7b5c6666b1136cea103994ee9240d2"", ""8654374d4c7b5c6666b1136cea103994ee9240d2"", ""8654374d4c7b5c6666b1136cea103994ee9240d2"", ""8654374d4c7b5c6666b1136cea103994ee9240d2"", ""8654374d4c7b5c6666b1136cea103994ee9240d2"", ""8654374d4c7b5c6666b1136cea103994ee9240d2"", ""8654374d4c7b5c6666b1136cea103994ee9240d2"", ""8654374d4c7b5c6666b1136cea103994ee9240d2"", ""8654374d4c7b5c6666b1136cea103994ee9240d2""]","[""LongParameterList"", ""LongParameterList"", ""FeatureEnvy"", ""LongParameterList"", ""ShotgunSurgery"", ""LongParameterList"", ""FeatureEnvy"", ""LongParameterList"", ""LongParameterList"", ""LongParameterList"", ""LongParameterList"", ""LongParameterList"", ""LongParameterList"", ""LongParameterList"", ""LongParameterList"", ""ShotgunSurgery"", ""LongParameterList"", ""FeatureEnvy"", ""SpaghettiCode"", ""ComplexClass"", ""DispersedCoupling"", ""LongParameterList"", ""LongMethod"", ""FeatureEnvy"", ""LongParameterList""]","[""dce17754295d276019ba2ddaba6c3ade"", ""a1ddc0f6f918ab379d7d8fb5d9d623b2"", ""12c64c3d24bdba58c55c8383b8467a59"", ""0b6a46cb20a6a4a74c56e842e1f39ff2"", ""ae4a971d15e0545e668480074b526b12"", ""fbe08c19971adc2ae9a3b213b51e5e24"", ""cc604f5565631d430f32e0af45d1f73d"", ""45f0ce5f59dca40c6d9a7e35d5221ac2"", ""71a7a1b2b5fca30c6b7a04e1970dd7dc"", ""2e9d73dd2864eed5e73e2e970fb3375a"", ""64787a97d647699bfe28a7ef20f41e5a"", ""a5f75d60ab653986992e8b19fd594b12"", ""ae623407f4a1dccf4de4d14e5007f589"", ""27c8e8454e93f4ef2fa194da02e7becc"", ""ca2f3afe49a6328c5ea4f171bd753a61"", ""47e7ed9ce3eefdbff497b40250ae7626"", ""1bf44b2578ef15364922030222e268dc"", ""b8617b6dcba8dc89b22a8514f3e701ef"", ""e8ea4a9a374e0ea3d899d04fa8d25a46"", ""09ccd218baea0722d85c3c413650a9f7"", ""d37416fd3e3bb71caf25d2eb0faf9427"", ""0efa7b50fbfd8e4343beb41b32ddf50e"", ""8eaafbe8c2aba548e1f52a0be69525cc"", ""340a94716de9aa4b50d88e7dd0c80f0c"", ""2168613d533bc3534f47cac8b763d86b""]","[1281, 505, 505, 674, 744, 744, 726, 2789, 914, 355, 380, 286, 1411, 310, 334, 418, 418, 394, 35, 35, 946, 946, 946, 946, 695]","[1317, 590, 590, 742, 829, 829, 815, 2845, 956, 378, 390, 308, 1451, 332, 353, 504, 504, 477, 3503, 3503, 1021, 1021, 1021, 1021, 766]","[""PARAMETER_COUNT > 1.1944720985066999"", ""PARAMETER_COUNT > 1.1944720985066999"", ""CALLS_TO_org.apache.derbyTesting.functionTests.tests.replicationTests.Utils > 4"", ""PARAMETER_COUNT > 1.1944720985066999"", ""CM > 8.0, CC > 6.0"", ""PARAMETER_COUNT > 1.1944720985066999"", ""CALLS_TO_org.apache.derbyTesting.functionTests.tests.replicationTests.Utils > 4"", ""PARAMETER_COUNT > 1.1944720985066999"", ""PARAMETER_COUNT > 1.1944720985066999"", ""PARAMETER_COUNT > 1.1943228579665834"", ""PARAMETER_COUNT > 1.1943228579665834"", ""PARAMETER_COUNT > 1.1943228579665834"", ""PARAMETER_COUNT > 1.1944720985066999"", ""PARAMETER_COUNT > 1.1943228579665834"", ""PARAMETER_COUNT > 1.1943228579665834"", ""CM > 8.0, CC > 6.0"", ""PARAMETER_COUNT > 1.1944720985066999"", ""CALLS_TO_org.apache.derbyTesting.functionTests.tests.replicationTests.Utils > 4"", ""LONG_METHODS_CONNECTED = 6"", ""CC = 11.0"", ""CINT > 8.0, CDISP > 0.5, CC > 1.0"", ""PARAMETER_COUNT > 1.1953917533880227"", ""MLOC > 7.578442423129675"", ""CALLS_TO_org.apache.derbyTesting.functionTests.tests.replicationTests.Utils > 7"", ""PARAMETER_COUNT > 1.1765482829468539""]","[""5ef7a0d9e4f315a3b0b72012ab3fd8add5e7a6dc"", ""5ef7a0d9e4f315a3b0b72012ab3fd8add5e7a6dc"", ""5ef7a0d9e4f315a3b0b72012ab3fd8add5e7a6dc"", ""5ef7a0d9e4f315a3b0b72012ab3fd8add5e7a6dc"", ""5ef7a0d9e4f315a3b0b72012ab3fd8add5e7a6dc"", ""5ef7a0d9e4f315a3b0b72012ab3fd8add5e7a6dc"", ""5ef7a0d9e4f315a3b0b72012ab3fd8add5e7a6dc"", ""5ef7a0d9e4f315a3b0b72012ab3fd8add5e7a6dc"", ""5ef7a0d9e4f315a3b0b72012ab3fd8add5e7a6dc"", ""5ef7a0d9e4f315a3b0b72012ab3fd8add5e7a6dc"", ""5ef7a0d9e4f315a3b0b72012ab3fd8add5e7a6dc"", ""5ef7a0d9e4f315a3b0b72012ab3fd8add5e7a6dc"", ""5ef7a0d9e4f315a3b0b72012ab3fd8add5e7a6dc""]","[""LazyClass"", ""LazyClass"", ""SpaghettiCode"", ""ComplexClass"", ""ClassDataShouldBePrivate"", ""GodClass"", ""SpaghettiCode"", ""ComplexClass"", ""ClassDataShouldBePrivate"", ""DataClass"", ""ComplexClass"", ""LazyClass"", ""LazyClass""]","[""2a56498efbb9fdd78bdfabea65a99e0a"", ""e4de97ff7f23e9cb568a159b2c6aeb62"", ""ed0d3618ef64da4e8481edb4d95afd60"", ""d1b59edcfa287445b5529edf26b101cc"", ""4c234dfa03ce4b1114ec30d9f7dfd5cd"", ""c4b6d4ebc00c392c4e0c6a3aad25af8b"", ""b1ab7d1d7de87d017eaa9e62a03fc7dd"", ""e472a181c8be1c4ed98a92d1c87b502d"", ""4df117533277143e584bc252a216e7ca"", ""33369875cc571e0db89790094890a4ae"", ""5fe46fa5516c795ce5b5a8cc923d8b8e"", ""83aa94196a60eaacfdc151e3cd31afba"", ""8e502e30cce4337c43310d1f150bea51""]","[30, 30, 36, 36, 36, 36, 33, 33, 33, 38, 38, 30, 30]","[110, 67, 3176, 3176, 3176, 3176, 877, 877, 877, 346, 346, 127, 70]","[""CLOC < 16.0"", ""CLOC < 16.0"", ""LONG_METHODS_CONNECTED = 3"", ""CC = 37.0"", ""PUBLIC_FIELD_COUNT = 5.0"", ""CLOC > 500, TCC < 0.4328299889440565"", ""LONG_METHODS_CONNECTED = 4"", ""CC = 25.0"", ""PUBLIC_FIELD_COUNT = 38.0"", ""WOC = 0.02702702702702703, NOPA = 0.0, NOAM = 36.0, WMC = 71.0"", ""CC = 34.0"", ""CLOC < 16.0"", ""CLOC < 16.0""]"